year,dimension,subgroup,pct_5aday,pct_active,pct_inactive,pct_obese,pct_overweight_obese,england_pct_5aday,england_pct_active,england_pct_inactive,england_pct_obese,england_pct_overweight_obese,above_national_obesity,activity_gap,obesity_gap,diet_gap,deprivation_rank,year_numeric
2015/16,Age,18-24 yrs,,,,9.70201,33.459,,66.1336,22.33011,22.6262,61.24163,0,,-27.782629999999997,,,2015
2015/16,Age,19-24 yrs,,77.52994,14.20456,,,,66.1336,22.33011,22.6262,61.24163,0,11.396339999999995,,,,2015
2015/16,Age,25-34 yrs,,70.97007,17.62553,17.07362,49.67861,,66.1336,22.33011,22.6262,61.24163,0,4.836470000000006,-11.563020000000002,,,2015
2015/16,Age,35-44 yrs,,69.82653,18.00251,21.12111,59.43001,,66.1336,22.33011,22.6262,61.24163,0,3.692930000000004,-1.8116199999999978,,,2015
2015/16,Age,45-54 yrs,,69.07365,18.8809,26.55931,67.12801,,66.1336,22.33011,22.6262,61.24163,1,2.9400499999999994,5.886380000000003,,,2015
2015/16,Age,55-64 yrs,,64.99513,23.38793,29.04678,71.22063,,66.1336,22.33011,22.6262,61.24163,1,-1.138469999999998,9.979,,,2015
2015/16,Age,65-74 yrs,,63.5906,24.77077,27.37631,72.7598,,66.1336,22.33011,22.6262,61.24163,1,-2.5429999999999993,11.518169999999998,,,2015
2015/16,Age,75-84 yrs,,46.56597,40.9081,26.17842,72.15352,,66.1336,22.33011,22.6262,61.24163,1,-19.56763,10.91189,,,2015
2015/16,Age,85+ yrs,,25.43311,63.52882,20.52861,64.14667,,66.1336,22.33011,22.6262,61.24163,1,-40.70049,2.9050399999999996,,,2015
2015/16,Deprivation,Fifth less deprived decile,,68.49342,20.10474,20.87601,59.76468,,66.1336,22.33011,22.6262,61.24163,0,2.359819999999999,-1.4769500000000022,,6.0,2015
2015/16,Deprivation,Fifth more deprived decile,,66.81585,21.74449,23.16744,61.41557,,66.1336,22.33011,22.6262,61.24163,1,0.6822499999999962,0.17394000000000176,,5.0,2015
2015/16,Deprivation,Fourth less deprived decile,,68.80142,19.5854,19.97398,58.31585,,66.1336,22.33011,22.6262,61.24163,0,2.667819999999992,-2.925780000000003,,7.0,2015
2015/16,Deprivation,Fourth more deprived decile,,66.07286,22.07538,23.45096,61.99467,,66.1336,22.33011,22.6262,61.24163,1,-0.060739999999995575,0.7530399999999986,,4.0,2015
2015/16,Deprivation,Least deprived decile,,72.0174,16.59868,17.09367,56.61713,,66.1336,22.33011,22.6262,61.24163,0,5.883799999999994,-4.624499999999998,,10.0,2015
2015/16,Deprivation,Most deprived decile,,57.45129,31.24533,31.14931,67.34482,,66.1336,22.33011,22.6262,61.24163,1,-8.682310000000001,6.103189999999998,,1.0,2015
2015/16,Deprivation,Second least deprived decile,,70.76371,18.15752,18.66224,58.55165,,66.1336,22.33011,22.6262,61.24163,0,4.630110000000002,-2.6899799999999985,,9.0,2015
2015/16,Deprivation,Second most deprived decile,,62.23219,25.83956,26.02454,63.65104,,66.1336,22.33011,22.6262,61.24163,1,-3.9014099999999985,2.409410000000001,,2.0,2015
2015/16,Deprivation,Third less deprived decile,,68.80896,19.46066,20.14283,59.48222,,66.1336,22.33011,22.6262,61.24163,0,2.6753599999999977,-1.7594100000000026,,8.0,2015
2015/16,Deprivation,Third more deprived decile,,64.00716,24.41745,24.99479,63.36514,,66.1336,22.33011,22.6262,61.24163,1,-2.1264400000000023,2.123509999999996,,3.0,2015
2015/16,Disability,Disabled,,49.66649,37.76394,37.95681,70.35942,,66.1336,22.33011,22.6262,61.24163,1,-16.467109999999998,9.11779,,,2015
2015/16,Disability,Not disabled,,70.45761,18.1564,19.21166,59.42143,,66.1336,22.33011,22.6262,61.24163,0,4.324010000000001,-1.8201999999999998,,,2015
2015/16,Education,Another type of qualification,,58.92501,29.0484,25.12173,66.0798,,66.1336,22.33011,22.6262,61.24163,1,-7.208590000000001,4.838170000000005,,,2015
2015/16,Education,Level 1 and below,,57.1488,30.36709,27.85423,66.32602,,66.1336,22.33011,22.6262,61.24163,1,-8.9848,5.084389999999999,,,2015
2015/16,Education,Level 2 and equivalent,,64.01647,23.57724,26.12564,64.92373,,66.1336,22.33011,22.6262,61.24163,1,-2.117130000000003,3.6821000000000055,,,2015
2015/16,Education,Level 3 and equivalent,,70.49994,17.54489,23.06867,62.58212,,66.1336,22.33011,22.6262,61.24163,1,4.366339999999994,1.3404900000000026,,,2015
2015/16,Education,Level 4 and above,,74.31435,14.8226,18.38758,57.34151,,66.1336,22.33011,22.6262,61.24163,0,8.180750000000003,-3.900120000000001,,,2015
2015/16,Education,No qualification,,42.44721,45.49129,33.17004,68.95245,,66.1336,22.33011,22.6262,61.24163,1,-23.686390000000003,7.710819999999998,,,2015
2015/16,Ethnicity,Asian,,56.87804,29.24832,17.38688,57.63872,,66.1336,22.33011,22.6262,61.24163,0,-9.255560000000003,-3.6029100000000014,,,2015
2015/16,Ethnicity,Black,,56.65969,28.86674,32.87359,73.51196,,66.1336,22.33011,22.6262,61.24163,1,-9.473910000000004,12.270330000000001,,,2015
2015/16,Ethnicity,Chinese,,58.4283,28.7541,8.64102,36.41158,,66.1336,22.33011,22.6262,61.24163,0,-7.705300000000001,-24.83005,,,2015
2015/16,Ethnicity,Mixed,,72.53169,17.47009,19.97437,53.75141,,66.1336,22.33011,22.6262,61.24163,0,6.398089999999996,-7.490220000000001,,,2015
2015/16,Ethnicity,Other,,57.98317,28.53106,25.61555,58.45059,,66.1336,22.33011,22.6262,61.24163,0,-8.15043,-2.7910400000000024,,,2015
2015/16,Ethnicity,White British,,67.34325,21.34119,23.16463,61.99099,,66.1336,22.33011,22.6262,61.24163,1,1.2096499999999963,0.7493599999999958,,,2015
2015/16,Ethnicity,White Other,,68.15971,21.19372,20.25359,56.98898,,66.1336,22.33011,22.6262,61.24163,0,2.0261100000000027,-4.252650000000003,,,2015
2015/16,Sex,Female,,63.5084,23.93854,22.10238,54.80153,,66.1336,22.33011,22.6262,61.24163,0,-2.6251999999999995,-6.440100000000001,,,2015
2015/16,Sex,Male,,68.9352,20.61145,23.12774,67.53949,,66.1336,22.33011,22.6262,61.24163,1,2.8015999999999934,6.29786,,,2015
2015/16,Socioeconomic class,Intermediate occupations,,65.48754,20.20191,19.22939,50.72627,,66.1336,22.33011,22.6262,61.24163,0,-0.6460600000000056,-10.515360000000001,,,2015
2015/16,Socioeconomic class,Long term unemployed or never worked,,51.83535,34.74805,27.87987,56.91933,,66.1336,22.33011,22.6262,61.24163,0,-14.298250000000003,-4.3222999999999985,,,2015
2015/16,Socioeconomic class,Lower supervisory and technical occupations,,66.6242,22.84779,23.9859,61.44242,,66.1336,22.33011,22.6262,61.24163,1,0.4906000000000006,0.2007899999999978,,,2015
2015/16,Socioeconomic class,"Managerial, administrative and professional occupations",,75.32598,13.7318,17.88882,52.42405,,66.1336,22.33011,22.6262,61.24163,0,9.19238,-8.81758,,,2015
2015/16,Socioeconomic class,Other/unclassified,,55.9114,33.38762,20.38105,55.24549,,66.1336,22.33011,22.6262,61.24163,0,-10.2222,-5.996140000000004,,,2015
2015/16,Socioeconomic class,Self-employed and small employers,,68.23979,19.91179,20.66071,56.35497,,66.1336,22.33011,22.6262,61.24163,0,2.106189999999998,-4.886659999999999,,,2015
2015/16,Socioeconomic class,Semi-routine and routine occupations,,60.07721,27.79765,24.056,56.66856,,66.1336,22.33011,22.6262,61.24163,0,-6.05639,-4.573070000000001,,,2015
2015/16,Socioeconomic class,Students,,82.32322,10.82277,18.01875,50.9402,,66.1336,22.33011,22.6262,61.24163,0,16.189620000000005,-10.301430000000003,,,2015
2015/16,Working status,Inactive,,55.84349,32.11715,27.95943,62.85734,,66.1336,22.33011,22.6262,61.24163,1,-10.290109999999999,1.61571,,,2015
2015/16,Working status,Unemployed,,59.21063,28.61442,32.118,63.69186,,66.1336,22.33011,22.6262,61.24163,1,-6.922969999999999,2.4502299999999977,,,2015
2015/16,Working status,Working,,70.95374,17.27917,21.46059,61.72729,,66.1336,22.33011,22.6262,61.24163,1,4.820139999999995,0.48566000000000287,,,2015
2016/17,Age,18-24 yrs,,,,11.02996,33.42668,,66.00507,22.24111,23.12811,61.31358,0,,-27.886900000000004,,,2016
2016/17,Age,19-24 yrs,,75.63103,14.89981,,,,66.00507,22.24111,23.12811,61.31358,0,9.625959999999992,,,,2016
2016/17,Age,25-34 yrs,,69.3424,19.12698,17.64796,50.18642,,66.00507,22.24111,23.12811,61.31358,0,3.3373299999999944,-11.127160000000003,,,2016
2016/17,Age,35-44 yrs,,69.18065,18.71748,21.53189,59.93181,,66.00507,22.24111,23.12811,61.31358,0,3.1755799999999965,-1.381770000000003,,,2016
2016/17,Age,45-54 yrs,,69.32662,18.70382,26.38911,66.8466,,66.00507,22.24111,23.12811,61.31358,1,3.321550000000002,5.533019999999993,,,2016
2016/17,Age,55-64 yrs,,65.84693,22.57252,29.98894,71.165,,66.00507,22.24111,23.12811,61.31358,1,-0.15814000000000306,9.851420000000005,,,2016
2016/17,Age,65-74 yrs,,64.70563,23.41731,27.12852,71.9896,,66.00507,22.24111,23.12811,61.31358,1,-1.2994400000000041,10.676019999999994,,,2016
2016/17,Age,75-84 yrs,,47.66816,38.68233,26.88764,72.35026,,66.00507,22.24111,23.12811,61.31358,1,-18.336910000000003,11.036680000000004,,,2016
2016/17,Age,85+ yrs,,26.43532,62.76094,21.2413,64.2187,,66.00507,22.24111,23.12811,61.31358,1,-39.56975,2.9051199999999966,,,2016
2016/17,Deprivation,Fifth less deprived decile,,68.01019,20.49807,21.09686,60.32222,,66.00507,22.24111,23.12811,61.31358,0,2.005119999999991,-0.9913600000000002,,6.0,2016
2016/17,Deprivation,Fifth more deprived decile,,66.87221,21.09412,23.13187,61.44716,,66.00507,22.24111,23.12811,61.31358,1,0.867139999999992,0.13357999999999493,,5.0,2016
2016/17,Deprivation,Fourth less deprived decile,,69.02127,19.22578,20.2792,59.58659,,66.00507,22.24111,23.12811,61.31358,0,3.0161999999999978,-1.7269900000000007,,7.0,2016
2016/17,Deprivation,Fourth more deprived decile,,65.20947,22.60969,23.48326,61.06804,,66.00507,22.24111,23.12811,61.31358,0,-0.7956000000000074,-0.24553999999999832,,4.0,2016
2016/17,Deprivation,Least deprived decile,,72.2004,16.43066,17.7155,57.01349,,66.00507,22.24111,23.12811,61.31358,0,6.1953299999999984,-4.300090000000004,,10.0,2016
2016/17,Deprivation,Most deprived decile,,57.87548,30.5383,31.37378,67.56682,,66.00507,22.24111,23.12811,61.31358,1,-8.12959,6.253240000000005,,1.0,2016
2016/17,Deprivation,Second least deprived decile,,70.45647,18.12308,19.73952,58.36004,,66.00507,22.24111,23.12811,61.31358,0,4.4513999999999925,-2.953540000000004,,9.0,2016
2016/17,Deprivation,Second most deprived decile,,61.76895,25.78923,27.72727,64.11831,,66.00507,22.24111,23.12811,61.31358,1,-4.236120000000007,2.804729999999992,,2.0,2016
2016/17,Deprivation,Third less deprived decile,,69.48876,19.10461,20.19143,59.27574,,66.00507,22.24111,23.12811,61.31358,0,3.4836899999999957,-2.0378400000000028,,8.0,2016
2016/17,Deprivation,Third more deprived decile,,63.63334,24.69963,25.13781,63.07289,,66.00507,22.24111,23.12811,61.31358,1,-2.3717300000000066,1.7593099999999993,,3.0,2016
2016/17,Disability,Disabled,,49.80907,37.24249,38.33034,70.52884,,66.00507,22.24111,23.12811,61.31358,1,-16.196000000000005,9.21526,,,2016
2016/17,Disability,Not disabled,,70.19398,18.2909,19.68159,59.43033,,66.00507,22.24111,23.12811,61.31358,0,4.188909999999993,-1.8832500000000039,,,2016
2016/17,Education,Another type of qualification,,58.78621,29.42162,24.12977,64.07674,,66.00507,22.24111,23.12811,61.31358,1,-7.2188600000000065,2.763159999999999,,,2016
2016/17,Education,Level 1 and below,,54.59464,30.76353,29.07346,65.55836,,66.00507,22.24111,23.12811,61.31358,1,-11.410430000000005,4.244779999999992,,,2016
2016/17,Education,Level 2 and equivalent,,62.58663,24.25407,26.50144,65.0646,,66.00507,22.24111,23.12811,61.31358,1,-3.418440000000004,3.751019999999997,,,2016
2016/17,Education,Level 3 and equivalent,,70.21323,18.17626,25.8562,64.1268,,66.00507,22.24111,23.12811,61.31358,1,4.208159999999992,2.813220000000001,,,2016
2016/17,Education,Level 4 and above,,74.01193,14.99172,18.91578,57.2674,,66.00507,22.24111,23.12811,61.31358,0,8.006860000000003,-4.04618,,,2016
2016/17,Education,No qualification,,43.36523,44.16773,33.37162,69.44485,,66.00507,22.24111,23.12811,61.31358,1,-22.639840000000007,8.13127,,,2016
2016/17,Ethnicity,Asian,,55.03753,30.46877,19.08547,56.29206,,66.00507,22.24111,23.12811,61.31358,0,-10.967540000000007,-5.021520000000002,,,2016
2016/17,Ethnicity,Black,,56.05113,28.8592,34.23693,68.98101,,66.00507,22.24111,23.12811,61.31358,1,-9.953940000000003,7.667429999999996,,,2016
2016/17,Ethnicity,Chinese,,57.88009,27.62128,4.98505,32.70043,,66.00507,22.24111,23.12811,61.31358,0,-8.12498,-28.613150000000005,,,2016
2016/17,Ethnicity,Mixed,,72.8684,16.71907,22.3848,59.24817,,66.00507,22.24111,23.12811,61.31358,0,6.863329999999991,-2.06541,,,2016
2016/17,Ethnicity,Other,,57.36091,28.84152,19.99758,60.2599,,66.00507,22.24111,23.12811,61.31358,0,-8.644160000000007,-1.05368,,,2016
2016/17,Ethnicity,White British,,67.60307,20.973,23.94393,62.30948,,66.00507,22.24111,23.12811,61.31358,1,1.597999999999999,0.9958999999999989,,,2016
2016/17,Ethnicity,White Other,,66.98015,21.96452,19.12197,56.89521,,66.00507,22.24111,23.12811,61.31358,0,0.9750799999999913,-4.418370000000003,,,2016
2016/17,Sex,Female,,63.56399,23.63516,22.59236,55.29029,,66.00507,22.24111,23.12811,61.31358,0,-2.4410800000000066,-6.023290000000003,,,2016
2016/17,Sex,Male,,68.60282,20.75379,23.64692,67.20303,,66.00507,22.24111,23.12811,61.31358,1,2.5977499999999907,5.8894499999999965,,,2016
2016/17,Socioeconomic class,Intermediate occupations,,65.91136,19.83627,20.44367,50.92341,,66.00507,22.24111,23.12811,61.31358,0,-0.09371000000000151,-10.390170000000005,,,2016
2016/17,Socioeconomic class,Long term unemployed or never worked,,51.16666,35.75862,28.09493,55.40508,,66.00507,22.24111,23.12811,61.31358,0,-14.838410000000003,-5.908500000000004,,,2016
2016/17,Socioeconomic class,Lower supervisory and technical occupations,,66.38742,22.42683,23.71908,60.91403,,66.00507,22.24111,23.12811,61.31358,0,0.3823500000000024,-0.39955000000000496,,,2016
2016/17,Socioeconomic class,"Managerial, administrative and professional occupations",,75.21293,13.82851,17.93838,52.18037,,66.00507,22.24111,23.12811,61.31358,0,9.207859999999997,-9.133209999999998,,,2016
2016/17,Socioeconomic class,Other/unclassified,,52.88356,36.08683,20.80073,53.10993,,66.00507,22.24111,23.12811,61.31358,0,-13.12151,-8.203650000000003,,,2016
2016/17,Socioeconomic class,Self-employed and small employers,,67.59028,21.09533,20.06024,55.72663,,66.00507,22.24111,23.12811,61.31358,0,1.5852100000000036,-5.586950000000002,,,2016
2016/17,Socioeconomic class,Semi-routine and routine occupations,,59.42573,28.41808,25.27846,57.93819,,66.00507,22.24111,23.12811,61.31358,0,-6.579340000000002,-3.375390000000003,,,2016
2016/17,Socioeconomic class,Students,,78.50019,12.35691,16.3213,50.72391,,66.00507,22.24111,23.12811,61.31358,0,12.49512,-10.589670000000005,,,2016
2016/17,Working status,Inactive,,56.81044,30.84257,28.6578,63.68193,,66.00507,22.24111,23.12811,61.31358,1,-9.194630000000004,2.3683499999999995,,,2016
2016/17,Working status,Unemployed,,58.09308,29.35254,30.66742,61.43092,,66.00507,22.24111,23.12811,61.31358,1,-7.911990000000003,0.11733999999999867,,,2016
2016/17,Working status,Working,,70.70537,17.664,21.9183,61.98697,,66.00507,22.24111,23.12811,61.31358,1,4.700299999999999,0.6733899999999977,,,2016
2017/18,Age,18-24 yrs,,,,10.40498,34.77928,,66.2597,22.2272,23.09746,61.86629,0,,-27.08701,,,2017
2017/18,Age,19-24 yrs,,74.77732,15.45693,,,,66.2597,22.2272,23.09746,61.86629,0,8.517620000000008,,,,2017
2017/18,Age,25-34 yrs,,70.5524,18.04027,18.28055,53.09731,,66.2597,22.2272,23.09746,61.86629,0,4.292700000000011,-8.768979999999999,,,2017
2017/18,Age,35-44 yrs,,69.2932,18.5247,21.98906,60.05719,,66.2597,22.2272,23.09746,61.86629,0,3.0335000000000036,-1.8091000000000008,,,2017
2017/18,Age,45-54 yrs,,69.38184,19.28135,26.65022,67.77872,,66.2597,22.2272,23.09746,61.86629,1,3.1221400000000017,5.912430000000008,,,2017
2017/18,Age,55-64 yrs,,66.42165,22.34745,29.21804,70.98052,,66.2597,22.2272,23.09746,61.86629,1,0.16195000000000448,9.11423,,,2017
2017/18,Age,65-74 yrs,,64.68519,23.44223,27.0316,70.58466,,66.2597,22.2272,23.09746,61.86629,1,-1.5745099999999894,8.71837,,,2017
2017/18,Age,75-84 yrs,,48.40233,39.10212,26.75472,72.47132,,66.2597,22.2272,23.09746,61.86629,1,-17.857369999999996,10.605030000000006,,,2017
2017/18,Age,85+ yrs,,25.7304,62.70959,19.57409,63.82398,,66.2597,22.2272,23.09746,61.86629,1,-40.52929999999999,1.9576899999999995,,,2017
2017/18,Deprivation,Fifth less deprived decile,,68.44461,20.0291,21.99169,61.93845,,66.2597,22.2272,23.09746,61.86629,1,2.184910000000002,0.07216000000000378,,6.0,2017
2017/18,Deprivation,Fifth more deprived decile,,66.08215,21.83934,23.16275,62.63695,,66.2597,22.2272,23.09746,61.86629,1,-0.17754999999999654,0.7706599999999995,,5.0,2017
2017/18,Deprivation,Fourth less deprived decile,,69.2138,20.1706,20.81674,59.96461,,66.2597,22.2272,23.09746,61.86629,0,2.954100000000011,-1.901679999999999,,7.0,2017
2017/18,Deprivation,Fourth more deprived decile,,67.13444,21.64182,24.22287,62.60119,,66.2597,22.2272,23.09746,61.86629,1,0.8747400000000027,0.7349000000000032,,4.0,2017
2017/18,Deprivation,Least deprived decile,,72.17239,16.7852,17.65295,56.91993,,66.2597,22.2272,23.09746,61.86629,0,5.912689999999998,-4.9463599999999985,,10.0,2017
2017/18,Deprivation,Most deprived decile,,57.12016,30.55864,31.09239,67.30028,,66.2597,22.2272,23.09746,61.86629,1,-9.139539999999997,5.433990000000001,,1.0,2017
2017/18,Deprivation,Second least deprived decile,,70.50161,18.00924,18.74388,58.08645,,66.2597,22.2272,23.09746,61.86629,0,4.241910000000004,-3.77984,,9.0,2017
2017/18,Deprivation,Second most deprived decile,,61.97372,26.068,27.1367,63.91375,,66.2597,22.2272,23.09746,61.86629,1,-4.285979999999995,2.047460000000001,,2.0,2017
2017/18,Deprivation,Third less deprived decile,,70.34481,18.0552,19.96705,60.42329,,66.2597,22.2272,23.09746,61.86629,0,4.08511,-1.4429999999999978,,8.0,2017
2017/18,Deprivation,Third more deprived decile,,65.01565,24.06041,24.6319,63.0686,,66.2597,22.2272,23.09746,61.86629,1,-1.2440500000000014,1.2023100000000042,,3.0,2017
2017/18,Disability,Disabled,,50.18466,37.01356,38.25477,70.93363,,66.2597,22.2272,23.09746,61.86629,1,-16.075039999999994,9.067339999999994,,,2017
2017/18,Disability,Not disabled,,70.67755,18.17789,19.56589,59.79515,,66.2597,22.2272,23.09746,61.86629,0,4.417850000000001,-2.0711399999999998,,,2017
2017/18,Education,Another type of qualification,,58.47565,29.51644,23.79115,64.88704,,66.2597,22.2272,23.09746,61.86629,1,-7.7840499999999935,3.0207499999999996,,,2017
2017/18,Education,Level 1 and below,,54.23706,33.43013,29.86165,67.67603,,66.2597,22.2272,23.09746,61.86629,1,-12.022639999999996,5.809739999999998,,,2017
2017/18,Education,Level 2 and equivalent,,62.70481,24.64184,26.65787,65.911,,66.2597,22.2272,23.09746,61.86629,1,-3.554889999999993,4.044710000000002,,,2017
2017/18,Education,Level 3 and equivalent,,69.8125,18.39982,25.28939,64.12407,,66.2597,22.2272,23.09746,61.86629,1,3.552800000000005,2.257780000000004,,,2017
2017/18,Education,Level 4 and above,,74.50743,14.67157,18.95735,58.15487,,66.2597,22.2272,23.09746,61.86629,0,8.247730000000004,-3.711419999999997,,,2017
2017/18,Education,No qualification,,43.18969,45.08004,32.07205,69.32537,,66.2597,22.2272,23.09746,61.86629,1,-23.070009999999996,7.459080000000007,,,2017
2017/18,Ethnicity,Asian,,56.66444,29.40029,18.39474,56.34836,,66.2597,22.2272,23.09746,61.86629,0,-9.595259999999996,-5.51793,,,2017
2017/18,Ethnicity,Black,,55.96416,29.01016,35.13726,72.56636,,66.2597,22.2272,23.09746,61.86629,1,-10.295539999999995,10.700070000000004,,,2017
2017/18,Ethnicity,Chinese,,66.37744,21.1988,7.17623,32.8384,,66.2597,22.2272,23.09746,61.86629,0,0.11774000000001195,-29.02789,,,2017
2017/18,Ethnicity,Mixed,,72.37118,17.45429,23.312,58.1312,,66.2597,22.2272,23.09746,61.86629,0,6.11148,-3.7350899999999996,,,2017
2017/18,Ethnicity,Other,,58.19995,28.51339,19.57547,59.07742,,66.2597,22.2272,23.09746,61.86629,0,-8.059749999999994,-2.788870000000003,,,2017
2017/18,Ethnicity,White British,,67.70482,21.04421,23.91858,62.79386,,66.2597,22.2272,23.09746,61.86629,1,1.4451200000000028,0.9275700000000029,,,2017
2017/18,Ethnicity,White Other,,68.2077,20.92324,19.5418,57.47882,,66.2597,22.2272,23.09746,61.86629,0,1.9480000000000075,-4.38747,,,2017
2017/18,Sex,Female,,64.19304,23.4746,22.37068,55.58129,,66.2597,22.2272,23.09746,61.86629,0,-2.066659999999999,-6.284999999999997,,,2017
2017/18,Sex,Male,,68.49466,20.8497,23.84541,68.0167,,66.2597,22.2272,23.09746,61.86629,1,2.234960000000001,6.150410000000001,,,2017
2017/18,Socioeconomic class,Intermediate occupations,,67.08363,19.30079,20.8617,52.234,,66.2597,22.2272,23.09746,61.86629,0,0.8239300000000043,-9.632289999999998,,,2017
2017/18,Socioeconomic class,Long term unemployed or never worked,,50.76578,36.65052,28.45396,56.86288,,66.2597,22.2272,23.09746,61.86629,0,-15.493919999999996,-5.003410000000002,,,2017
2017/18,Socioeconomic class,Lower supervisory and technical occupations,,67.16529,22.50121,23.72213,61.84359,,66.2597,22.2272,23.09746,61.86629,0,0.9055900000000037,-0.022700000000000387,,,2017
2017/18,Socioeconomic class,"Managerial, administrative and professional occupations",,75.33136,13.81052,18.30677,53.13057,,66.2597,22.2272,23.09746,61.86629,0,9.071660000000008,-8.73572,,,2017
2017/18,Socioeconomic class,Other/unclassified,,57.62636,31.2711,23.17736,55.68709,,66.2597,22.2272,23.09746,61.86629,0,-8.633339999999997,-6.179200000000002,,,2017
2017/18,Socioeconomic class,Self-employed and small employers,,67.08687,21.76406,20.05634,56.67013,,66.2597,22.2272,23.09746,61.86629,0,0.8271700000000095,-5.196159999999999,,,2017
2017/18,Socioeconomic class,Semi-routine and routine occupations,,59.02176,28.74982,24.69422,57.60459,,66.2597,22.2272,23.09746,61.86629,0,-7.237939999999995,-4.261699999999998,,,2017
2017/18,Socioeconomic class,Students,,78.75029,11.69593,13.46184,44.98655,,66.2597,22.2272,23.09746,61.86629,0,12.490590000000012,-16.879739999999998,,,2017
2017/18,Working status,Inactive,,56.74893,31.30445,28.92126,63.9382,,66.2597,22.2272,23.09746,61.86629,1,-9.510769999999994,2.0719100000000026,,,2017
2017/18,Working status,Unemployed,,57.43275,30.89913,29.40435,61.8391,,66.2597,22.2272,23.09746,61.86629,0,-8.826949999999997,-0.027189999999997383,,,2017
2017/18,Working status,Working,,71.01859,17.49864,22.36929,63.14206,,66.2597,22.2272,23.09746,61.86629,1,4.758890000000008,1.2757700000000014,,,2017
2018/19,Age,18-24 yrs,,,,10.44181,34.90808,,67.20808,21.39067,23.50096,61.99153,0,,-27.08345,,,2018
2018/19,Age,19-24 yrs,,73.62462,16.27572,,,,67.20808,21.39067,23.50096,61.99153,0,6.416539999999998,,,,2018
2018/19,Age,25-34 yrs,,69.26614,19.21716,19.47771,53.02684,,67.20808,21.39067,23.50096,61.99153,0,2.0580599999999976,-8.964689999999997,,,2018
2018/19,Age,35-44 yrs,,68.75419,18.86875,23.38942,60.63401,,67.20808,21.39067,23.50096,61.99153,0,1.5461099999999988,-1.3575199999999938,,,2018
2018/19,Age,45-54 yrs,,70.65545,18.26623,27.16236,68.33948,,67.20808,21.39067,23.50096,61.99153,1,3.4473700000000065,6.347949999999997,,,2018
2018/19,Age,55-64 yrs,,67.73039,21.18175,29.3108,70.77251,,67.20808,21.39067,23.50096,61.99153,1,0.5223100000000045,8.78098,,,2018
2018/19,Age,65-74 yrs,,67.56264,21.46176,27.04808,71.24559,,67.20808,21.39067,23.50096,61.99153,1,0.3545600000000064,9.25406000000001,,,2018
2018/19,Age,75-84 yrs,,53.21971,34.40169,24.81355,70.72455,,67.20808,21.39067,23.50096,61.99153,1,-13.988369999999996,8.733019999999996,,,2018
2018/19,Age,85+ yrs,,30.6029,57.41861,21.09378,64.20714,,67.20808,21.39067,23.50096,61.99153,1,-36.60517999999999,2.215609999999998,,,2018
2018/19,Deprivation,Fifth less deprived decile,,69.36098,19.36575,21.68206,60.62616,,67.20808,21.39067,23.50096,61.99153,0,2.1529000000000025,-1.3653699999999986,,6.0,2018
2018/19,Deprivation,Fifth more deprived decile,,68.34781,19.78991,22.94492,61.88809,,67.20808,21.39067,23.50096,61.99153,0,1.1397300000000001,-0.10343999999999909,,5.0,2018
2018/19,Deprivation,Fourth less deprived decile,,70.37269,17.98728,20.73742,60.29993,,67.20808,21.39067,23.50096,61.99153,0,3.1646100000000104,-1.691599999999994,,7.0,2018
2018/19,Deprivation,Fourth more deprived decile,,67.78212,20.73382,24.19003,62.19159,,67.20808,21.39067,23.50096,61.99153,1,0.5740400000000108,0.20006000000000057,,4.0,2018
2018/19,Deprivation,Least deprived decile,,73.4828,15.88334,17.85412,56.99298,,67.20808,21.39067,23.50096,61.99153,0,6.274720000000002,-4.9985499999999945,,10.0,2018
2018/19,Deprivation,Most deprived decile,,57.34602,30.98408,31.90991,67.2874,,67.20808,21.39067,23.50096,61.99153,1,-9.862059999999992,5.295870000000008,,1.0,2018
2018/19,Deprivation,Second least deprived decile,,71.00749,17.41959,19.84938,60.18313,,67.20808,21.39067,23.50096,61.99153,0,3.799410000000009,-1.808399999999999,,9.0,2018
2018/19,Deprivation,Second most deprived decile,,62.48883,25.67045,28.2923,65.29085,,67.20808,21.39067,23.50096,61.99153,1,-4.719249999999995,3.2993200000000087,,2.0,2018
2018/19,Deprivation,Third less deprived decile,,71.28287,18.12104,20.42829,60.18895,,67.20808,21.39067,23.50096,61.99153,0,4.074790000000007,-1.802579999999999,,8.0,2018
2018/19,Deprivation,Third more deprived decile,,65.99144,22.77385,25.71145,62.91533,,67.20808,21.39067,23.50096,61.99153,1,-1.2166399999999982,0.9238,,3.0,2018
2018/19,Disability,Disabled,,52.26222,34.97544,38.5837,70.77753,,67.20808,21.39067,23.50096,61.99153,1,-14.945859999999996,8.786000000000001,,,2018
2018/19,Disability,Not disabled,,71.26174,17.64452,20.0271,60.10277,,67.20808,21.39067,23.50096,61.99153,0,4.053660000000008,-1.8887599999999978,,,2018
2018/19,Education,Another type of qualification,,57.38041,30.5381,25.67103,66.04256,,67.20808,21.39067,23.50096,61.99153,1,-9.827669999999998,4.051029999999997,,,2018
2018/19,Education,Level 1 and below,,55.81933,31.51373,27.92655,68.55714,,67.20808,21.39067,23.50096,61.99153,1,-11.388749999999995,6.565610000000007,,,2018
2018/19,Education,Level 2 and equivalent,,63.82744,23.89035,28.05202,65.95198,,67.20808,21.39067,23.50096,61.99153,1,-3.3806399999999925,3.9604500000000087,,,2018
2018/19,Education,Level 3 and equivalent,,69.41032,18.89613,25.63446,64.9435,,67.20808,21.39067,23.50096,61.99153,1,2.2022400000000033,2.951970000000003,,,2018
2018/19,Education,Level 4 and above,,74.96306,14.20868,19.08554,57.89734,,67.20808,21.39067,23.50096,61.99153,0,7.754980000000003,-4.0941899999999976,,,2018
2018/19,Education,No qualification,,45.21882,43.36072,33.81233,69.7807,,67.20808,21.39067,23.50096,61.99153,1,-21.989259999999994,7.789169999999999,,,2018
2018/19,Ethnicity,Asian,,54.81382,31.88667,16.96578,56.55671,,67.20808,21.39067,23.50096,61.99153,0,-12.394259999999996,-5.434819999999995,,,2018
2018/19,Ethnicity,Black,,58.83623,28.71024,34.3011,73.9809,,67.20808,21.39067,23.50096,61.99153,1,-8.371849999999995,11.989370000000008,,,2018
2018/19,Ethnicity,Chinese,,63.29862,22.94177,6.11805,35.30154,,67.20808,21.39067,23.50096,61.99153,0,-3.9094599999999957,-26.689989999999995,,,2018
2018/19,Ethnicity,Mixed,,68.46431,18.58531,22.17287,57.50673,,67.20808,21.39067,23.50096,61.99153,0,1.2562300000000022,-4.4848,,,2018
2018/19,Ethnicity,Other,,60.67119,24.95897,18.4814,53.09004,,67.20808,21.39067,23.50096,61.99153,0,-6.5368899999999925,-8.901489999999995,,,2018
2018/19,Ethnicity,White British,,69.06405,19.80542,24.28482,62.79408,,67.20808,21.39067,23.50096,61.99153,1,1.8559699999999992,0.8025500000000036,,,2018
2018/19,Ethnicity,White Other,,67.70616,21.36218,18.56697,57.33518,,67.20808,21.39067,23.50096,61.99153,0,0.49808000000000163,-4.656349999999996,,,2018
2018/19,Sex,Female,,65.10889,22.39396,23.01766,56.00376,,67.20808,21.39067,23.50096,61.99153,0,-2.099189999999993,-5.987769999999998,,,2018
2018/19,Sex,Male,,69.57114,20.20188,24.01014,67.89734,,67.20808,21.39067,23.50096,61.99153,1,2.3630600000000044,5.9058100000000024,,,2018
2018/19,Socioeconomic class,Intermediate occupations,,65.893,20.14455,22.00171,53.58553,,67.20808,21.39067,23.50096,61.99153,0,-1.3150799999999947,-8.405999999999999,,,2018
2018/19,Socioeconomic class,Long term unemployed or never worked,,49.8698,37.93961,28.60136,55.85348,,67.20808,21.39067,23.50096,61.99153,0,-17.338279999999997,-6.13805,,,2018
2018/19,Socioeconomic class,Lower supervisory and technical occupations,,66.64681,22.23972,25.32488,61.61807,,67.20808,21.39067,23.50096,61.99153,0,-0.5612699999999933,-0.37345999999999435,,,2018
2018/19,Socioeconomic class,"Managerial, administrative and professional occupations",,75.85759,13.52351,18.32622,52.78229,,67.20808,21.39067,23.50096,61.99153,0,8.649510000000006,-9.209239999999994,,,2018
2018/19,Socioeconomic class,Other/unclassified,,59.2044,29.90975,20.7333,53.42708,,67.20808,21.39067,23.50096,61.99153,0,-8.003679999999996,-8.56445,,,2018
2018/19,Socioeconomic class,Self-employed and small employers,,70.13018,19.93527,21.28594,58.1646,,67.20808,21.39067,23.50096,61.99153,0,2.9221000000000004,-3.8269299999999973,,,2018
2018/19,Socioeconomic class,Semi-routine and routine occupations,,59.46962,28.0181,26.09244,57.65452,,67.20808,21.39067,23.50096,61.99153,0,-7.738459999999996,-4.337009999999999,,,2018
2018/19,Socioeconomic class,Students,,77.22154,13.32169,17.83272,49.60177,,67.20808,21.39067,23.50096,61.99153,0,10.01346000000001,-12.389759999999995,,,2018
2018/19,Working status,Inactive,,59.34985,29.06867,30.22795,64.01955,,67.20808,21.39067,23.50096,61.99153,1,-7.858229999999992,2.028019999999998,,,2018
2018/19,Working status,Unemployed,,57.94886,30.4139,29.25645,61.61717,,67.20808,21.39067,23.50096,61.99153,0,-9.259219999999992,-0.3743599999999958,,,2018
2018/19,Working status,Working,,71.21617,17.30337,23.09568,63.06606,,67.20808,21.39067,23.50096,61.99153,1,4.00809000000001,1.0745300000000029,,,2018
2019/20,Age,18-24 yrs,,,,12.34732,37.76085,,66.38141,22.90233,24.35666,62.62869,0,,-24.86784,,,2019
2019/20,Age,19-24 yrs,,70.56832,19.74692,,,,66.38141,22.90233,24.35666,62.62869,0,4.1869099999999975,,,,2019
2019/20,Age,25-34 yrs,,68.62572,20.22207,20.35769,54.44854,,66.38141,22.90233,24.35666,62.62869,0,2.2443099999999987,-8.180149999999998,,,2019
2019/20,Age,35-44 yrs,,67.58763,20.78998,23.6559,61.64233,,66.38141,22.90233,24.35666,62.62869,0,1.2062200000000018,-0.9863599999999977,,,2019
2019/20,Age,45-54 yrs,,70.26905,19.20165,28.33745,67.6662,,66.38141,22.90233,24.35666,62.62869,1,3.8876399999999904,5.037510000000005,,,2019
2019/20,Age,55-64 yrs,,68.23816,21.67466,30.13947,71.51393,,66.38141,22.90233,24.35666,62.62869,1,1.856749999999991,8.885240000000003,,,2019
2019/20,Age,65-74 yrs,,66.13802,23.82457,28.27724,70.98881,,66.38141,22.90233,24.35666,62.62869,1,-0.2433900000000051,8.360120000000002,,,2019
2019/20,Age,75-84 yrs,,53.01215,35.82441,25.44852,70.7283,,66.38141,22.90233,24.35666,62.62869,1,-13.369260000000004,8.099610000000006,,,2019
2019/20,Age,85+ yrs,,27.48075,59.40525,18.6701,64.00292,,66.38141,22.90233,24.35666,62.62869,1,-38.90066,1.3742300000000043,,,2019
2019/20,Deprivation,Fifth less deprived decile,,68.7561,20.25177,22.98863,61.74604,,66.38141,22.90233,24.35666,62.62869,0,2.374690000000001,-0.8826499999999982,,6.0,2019
2019/20,Deprivation,Fifth more deprived decile,,68.05797,21.51204,23.29483,61.94923,,66.38141,22.90233,24.35666,62.62869,0,1.676559999999995,-0.6794599999999988,,5.0,2019
2019/20,Deprivation,Fourth less deprived decile,,69.40624,20.25436,22.64586,62.27902,,66.38141,22.90233,24.35666,62.62869,0,3.0248299999999944,-0.34966999999999615,,7.0,2019
2019/20,Deprivation,Fourth more deprived decile,,67.40183,22.24249,25.88547,63.50572,,66.38141,22.90233,24.35666,62.62869,1,1.0204200000000014,0.8770299999999978,,4.0,2019
2019/20,Deprivation,Least deprived decile,,73.44012,16.60251,17.64586,55.9731,,66.38141,22.90233,24.35666,62.62869,0,7.058709999999991,-6.655589999999997,,10.0,2019
2019/20,Deprivation,Most deprived decile,,54.88761,34.12155,33.62176,68.81162,,66.38141,22.90233,24.35666,62.62869,1,-11.4938,6.182930000000006,,1.0,2019
2019/20,Deprivation,Second least deprived decile,,71.85875,17.46994,20.25071,59.73354,,66.38141,22.90233,24.35666,62.62869,0,5.477339999999998,-2.895150000000001,,9.0,2019
2019/20,Deprivation,Second most deprived decile,,59.63015,28.88394,29.59109,65.67811,,66.38141,22.90233,24.35666,62.62869,1,-6.751260000000002,3.049420000000005,,2.0,2019
2019/20,Deprivation,Third less deprived decile,,70.76506,18.98946,21.93465,61.27898,,66.38141,22.90233,24.35666,62.62869,0,4.383650000000003,-1.3497100000000017,,8.0,2019
2019/20,Deprivation,Third more deprived decile,,63.71968,24.80028,25.69672,64.14745,,66.38141,22.90233,24.35666,62.62869,1,-2.6617300000000057,1.5187600000000074,,3.0,2019
2019/20,Disability,Disabled,,52.58758,35.40427,40.39458,72.14719,,66.38141,22.90233,24.35666,62.62869,1,-13.79383,9.518499999999996,,,2019
2019/20,Disability,Not disabled,,70.32603,19.25897,20.77784,60.70958,,66.38141,22.90233,24.35666,62.62869,0,3.9446200000000005,-1.9191099999999963,,,2019
2019/20,Education,Another type of qualification,,58.99066,32.45864,24.04393,65.41535,,66.38141,22.90233,24.35666,62.62869,1,-7.390750000000004,2.786660000000005,,,2019
2019/20,Education,Level 1 and below,,50.47362,38.7145,32.69614,68.83979,,66.38141,22.90233,24.35666,62.62869,1,-15.907790000000006,6.211099999999995,,,2019
2019/20,Education,Level 2 and equivalent,,62.66235,25.7658,30.29737,67.92091,,66.38141,22.90233,24.35666,62.62869,1,-3.719059999999999,5.2922200000000075,,,2019
2019/20,Education,Level 3 and equivalent,,67.60361,21.16246,26.99818,66.06786,,66.38141,22.90233,24.35666,62.62869,1,1.2222000000000008,3.439169999999997,,,2019
2019/20,Education,Level 4 and above,,74.39619,15.5275,19.90064,59.10671,,66.38141,22.90233,24.35666,62.62869,0,8.014780000000002,-3.5219799999999992,,,2019
2019/20,Education,No qualification,,45.79368,42.57447,35.5642,71.53697,,66.38141,22.90233,24.35666,62.62869,1,-20.58773,8.908279999999998,,,2019
2019/20,Ethnicity,Asian,,51.90676,34.46049,18.13383,59.90395,,66.38141,22.90233,24.35666,62.62869,0,-14.474650000000004,-2.724739999999997,,,2019
2019/20,Ethnicity,Black,,54.50808,30.2985,32.42601,68.52779,,66.38141,22.90233,24.35666,62.62869,1,-11.873330000000003,5.899099999999997,,,2019
2019/20,Ethnicity,Chinese,,60.35485,27.42892,4.90032,31.16751,,66.38141,22.90233,24.35666,62.62869,0,-6.0265600000000035,-31.46118,,,2019
2019/20,Ethnicity,Mixed,,71.06311,19.5458,23.35878,59.49522,,66.38141,22.90233,24.35666,62.62869,0,4.681699999999992,-3.1334699999999955,,,2019
2019/20,Ethnicity,Other,,56.78692,32.96415,21.53851,61.34728,,66.38141,22.90233,24.35666,62.62869,0,-9.59449,-1.281410000000001,,,2019
2019/20,Ethnicity,White British,,68.54551,21.06703,25.30697,63.45314,,66.38141,22.90233,24.35666,62.62869,1,2.1640999999999906,0.8244499999999988,,,2019
2019/20,Ethnicity,White Other,,65.99094,23.21776,20.17369,57.60979,,66.38141,22.90233,24.35666,62.62869,0,-0.39047000000000764,-5.018900000000002,,,2019
2019/20,Sex,Female,,64.70435,23.71106,24.01973,56.80249,,66.38141,22.90233,24.35666,62.62869,0,-1.6770599999999973,-5.8262,,,2019
2019/20,Sex,Male,,68.34531,21.86966,24.72208,68.37107,,66.38141,22.90233,24.35666,62.62869,1,1.9638999999999953,5.742380000000004,,,2019
2019/20,Socioeconomic class,Intermediate occupations,,66.65417,21.29129,22.9247,54.62302,,66.38141,22.90233,24.35666,62.62869,0,0.272759999999991,-8.005670000000002,,,2019
2019/20,Socioeconomic class,Long term unemployed or never worked,,46.04833,42.21554,32.41423,58.04536,,66.38141,22.90233,24.35666,62.62869,0,-20.333080000000002,-4.583329999999997,,,2019
2019/20,Socioeconomic class,Lower supervisory and technical occupations,,66.21003,23.9403,25.67655,62.7018,,66.38141,22.90233,24.35666,62.62869,1,-0.1713799999999992,0.07310999999999979,,,2019
2019/20,Socioeconomic class,"Managerial, administrative and professional occupations",,75.51445,14.32145,19.23269,53.43612,,66.38141,22.90233,24.35666,62.62869,0,9.133039999999994,-9.192569999999996,,,2019
2019/20,Socioeconomic class,Other/unclassified,,56.95583,32.90307,22.18543,53.33217,,66.38141,22.90233,24.35666,62.62869,0,-9.425580000000004,-9.296520000000001,,,2019
2019/20,Socioeconomic class,Self-employed and small employers,,67.80739,21.79059,21.72727,58.28587,,66.38141,22.90233,24.35666,62.62869,0,1.4259799999999956,-4.342819999999996,,,2019
2019/20,Socioeconomic class,Semi-routine and routine occupations,,58.42045,30.15404,27.39928,60.05114,,66.38141,22.90233,24.35666,62.62869,0,-7.96096,-2.5775500000000022,,,2019
2019/20,Socioeconomic class,Students,,73.44017,16.78786,22.40011,50.65237,,66.38141,22.90233,24.35666,62.62869,0,7.058759999999992,-11.976320000000001,,,2019
2019/20,Working status,Inactive,,58.44043,31.00262,29.54982,63.05713,,66.38141,22.90233,24.35666,62.62869,1,-7.940980000000003,0.42844000000000193,,,2019
2019/20,Working status,Unemployed,,56.69675,32.40436,31.70638,65.99416,,66.38141,22.90233,24.35666,62.62869,1,-9.684660000000001,3.365469999999995,,,2019
2019/20,Working status,Working,,70.80933,18.32482,23.34086,63.67854,,66.38141,22.90233,24.35666,62.62869,1,4.42792,1.0498499999999993,,,2019
2020/21,Age,16-24 yrs,27.98137,,,,,34.87023,65.9373,23.37551,25.20737,63.31274,0,,,-6.888860000000001,,2020
2020/21,Age,18-24 yrs,,,,12.02031,36.64413,34.87023,65.9373,23.37551,25.20737,63.31274,0,,-26.66861,,,2020
2020/21,Age,19-24 yrs,,69.36442,20.26194,,,34.87023,65.9373,23.37551,25.20737,63.31274,0,3.427120000000002,,,,2020
2020/21,Age,25-34 yrs,26.93797,66.97438,21.32698,21.74584,54.99843,34.87023,65.9373,23.37551,25.20737,63.31274,0,1.037080000000003,-8.314309999999999,-7.932259999999999,,2020
2020/21,Age,35-44 yrs,29.4436,67.09441,21.72129,25.22104,63.1283,34.87023,65.9373,23.37551,25.20737,63.31274,0,1.157110000000003,-0.18443999999999505,-5.426629999999999,,2020
2020/21,Age,45-54 yrs,33.78938,69.31438,20.05161,29.43822,69.20506,34.87023,65.9373,23.37551,25.20737,63.31274,1,3.3770800000000065,5.892320000000005,-1.080849999999998,,2020
2020/21,Age,55-64 yrs,37.86971,67.68854,21.76823,30.12982,72.0049,34.87023,65.9373,23.37551,25.20737,63.31274,1,1.75124000000001,8.692160000000008,2.9994799999999984,,2020
2020/21,Age,65-74 yrs,46.69234,67.92954,22.94893,29.07153,71.45327,34.87023,65.9373,23.37551,25.20737,63.31274,1,1.9922400000000096,8.140530000000005,11.822110000000002,,2020
2020/21,Age,75-84 yrs,47.83859,54.04965,35.09837,26.10743,70.80281,34.87023,65.9373,23.37551,25.20737,63.31274,1,-11.887649999999994,7.490069999999996,12.968360000000004,,2020
2020/21,Age,85+ yrs,35.79859,30.4997,59.15144,20.081,66.02955,34.87023,65.9373,23.37551,25.20737,63.31274,1,-35.43759999999999,2.7168100000000024,0.9283599999999979,,2020
2020/21,Deprivation,Fifth less deprived decile,36.82586,68.44906,21.68172,23.65504,62.77308,34.87023,65.9373,23.37551,25.20737,63.31274,0,2.5117600000000095,-0.5396599999999978,1.9556299999999993,6.0,2020
2020/21,Deprivation,Fifth more deprived decile,34.26499,65.87275,22.94025,25.81488,64.50425,34.87023,65.9373,23.37551,25.20737,63.31274,1,-0.064549999999997,1.191510000000001,-0.605240000000002,5.0,2020
2020/21,Deprivation,Fourth less deprived decile,37.07976,68.55166,20.53587,24.2046,62.46902,34.87023,65.9373,23.37551,25.20737,63.31274,0,2.614360000000005,-0.8437199999999976,2.209530000000001,7.0,2020
2020/21,Deprivation,Fourth more deprived decile,32.80001,63.95613,25.09623,26.32362,64.59153,34.87023,65.9373,23.37551,25.20737,63.31274,1,-1.9811699999999917,1.2787900000000079,-2.070219999999999,4.0,2020
2020/21,Deprivation,Least deprived decile,41.45991,73.2394,17.09412,19.12123,57.98792,34.87023,65.9373,23.37551,25.20737,63.31274,0,7.30210000000001,-5.3248199999999954,6.589680000000001,10.0,2020
2020/21,Deprivation,Most deprived decile,23.34336,52.93058,35.06778,36.67602,71.75269,34.87023,65.9373,23.37551,25.20737,63.31274,1,-13.006719999999994,8.439950000000003,-11.526869999999999,1.0,2020
2020/21,Deprivation,Second least deprived decile,38.87369,70.96837,19.11216,21.73921,60.73976,34.87023,65.9373,23.37551,25.20737,63.31274,0,5.03107,-2.572980000000001,4.003460000000004,9.0,2020
2020/21,Deprivation,Second most deprived decile,27.79442,57.98336,30.7262,31.41865,67.43204,34.87023,65.9373,23.37551,25.20737,63.31274,1,-7.953939999999996,4.119300000000003,-7.075810000000001,2.0,2020
2020/21,Deprivation,Third less deprived decile,38.53029,69.43186,19.92672,22.31322,61.45582,34.87023,65.9373,23.37551,25.20737,63.31274,0,3.494560000000007,-1.8569199999999952,3.6600600000000014,8.0,2020
2020/21,Deprivation,Third more deprived decile,30.20207,61.58999,27.34239,28.48548,64.69437,34.87023,65.9373,23.37551,25.20737,63.31274,1,-4.347309999999993,1.3816300000000084,-4.66816,3.0,2020
2020/21,Disability,Disabled,32.26917,51.86293,35.97468,40.50118,72.50255,34.87023,65.9373,23.37551,25.20737,63.31274,1,-14.074369999999995,9.189810000000001,-2.601059999999997,,2020
2020/21,Disability,Not disabled,35.76598,70.19319,19.45253,21.39543,61.1123,34.87023,65.9373,23.37551,25.20737,63.31274,0,4.255890000000008,-2.2004400000000004,0.8957499999999996,,2020
2020/21,Education,Another type of qualification,34.8755,56.63188,32.28117,27.20551,68.0025,34.87023,65.9373,23.37551,25.20737,63.31274,1,-9.305419999999991,4.68976,0.0052700000000029945,,2020
2020/21,Education,Level 1 and below,26.85178,55.21999,32.44973,30.70057,69.39008,34.87023,65.9373,23.37551,25.20737,63.31274,1,-10.71730999999999,6.0773399999999995,-8.018449999999998,,2020
2020/21,Education,Level 2 and equivalent,31.13106,61.33907,27.34157,30.66461,68.24118,34.87023,65.9373,23.37551,25.20737,63.31274,1,-4.598229999999994,4.928440000000002,-3.739169999999998,,2020
2020/21,Education,Level 3 and equivalent,30.70732,68.12541,20.7611,28.98398,67.19337,34.87023,65.9373,23.37551,25.20737,63.31274,1,2.188110000000009,3.8806300000000036,-4.16291,,2020
2020/21,Education,Level 4 and above,39.27611,73.73086,16.15618,20.46134,59.18766,34.87023,65.9373,23.37551,25.20737,63.31274,0,7.793560000000014,-4.125079999999997,4.405880000000003,,2020
2020/21,Education,No qualification,30.07774,42.83232,46.50925,36.03748,71.03258,34.87023,65.9373,23.37551,25.20737,63.31274,1,-23.10497999999999,7.719839999999998,-4.792490000000001,,2020
2020/21,Ethnicity,Asian,22.62256,52.71108,35.20421,18.01529,56.9379,34.87023,65.9373,23.37551,25.20737,63.31274,0,-13.22621999999999,-6.374839999999999,-12.24767,,2020
2020/21,Ethnicity,Black,21.52824,55.06983,31.56643,30.96223,71.9085,34.87023,65.9373,23.37551,25.20737,63.31274,1,-10.86746999999999,8.595760000000006,-13.34199,,2020
2020/21,Ethnicity,Chinese,30.3302,58.60705,28.03742,6.72124,37.47385,34.87023,65.9373,23.37551,25.20737,63.31274,0,-7.330249999999992,-25.83889,-4.540029999999998,,2020
2020/21,Ethnicity,Mixed,31.45507,70.22542,19.91094,23.53991,59.36612,34.87023,65.9373,23.37551,25.20737,63.31274,0,4.288120000000006,-3.946619999999996,-3.41516,,2020
2020/21,Ethnicity,Other,30.10601,54.70799,31.21729,27.46148,65.84383,34.87023,65.9373,23.37551,25.20737,63.31274,1,-11.229309999999991,2.531089999999999,-4.764219999999998,,2020
2020/21,Ethnicity,White British,36.55841,67.90727,21.64921,26.35108,64.32586,34.87023,65.9373,23.37551,25.20737,63.31274,1,1.9699700000000036,1.0131200000000078,1.6881800000000027,,2020
2020/21,Ethnicity,White Other,34.21737,67.66694,22.14429,20.3486,57.6999,34.87023,65.9373,23.37551,25.20737,63.31274,0,1.7296400000000034,-5.6128399999999985,-0.6528599999999969,,2020
2020/21,Sex,Female,38.35383,64.21073,24.24865,25.28771,58.27937,34.87023,65.9373,23.37551,25.20737,63.31274,0,-1.7265699999999953,-5.033369999999998,3.4836000000000027,,2020
2020/21,Sex,Male,31.18497,67.85522,22.35907,25.17961,68.25732,34.87023,65.9373,23.37551,25.20737,63.31274,1,1.9179200000000094,4.944580000000009,-3.6852599999999995,,2020
2020/21,Socioeconomic class,Intermediate occupations,32.63325,66.56647,20.38446,24.31529,55.67136,34.87023,65.9373,23.37551,25.20737,63.31274,0,0.629170000000002,-7.641379999999998,-2.2369800000000026,,2020
2020/21,Socioeconomic class,Long term unemployed or never worked,21.40461,48.81513,39.36107,31.9715,58.11504,34.87023,65.9373,23.37551,25.20737,63.31274,0,-17.12216999999999,-5.1976999999999975,-13.465619999999998,,2020
2020/21,Socioeconomic class,Lower supervisory and technical occupations,30.11452,63.88295,25.58486,26.74075,62.10067,34.87023,65.9373,23.37551,25.20737,63.31274,0,-2.0543499999999923,-1.212069999999997,-4.7557100000000005,,2020
2020/21,Socioeconomic class,"Managerial, administrative and professional occupations",38.08454,75.13773,14.96078,20.26263,54.61611,34.87023,65.9373,23.37551,25.20737,63.31274,0,9.200430000000011,-8.696629999999999,3.2143099999999976,,2020
2020/21,Socioeconomic class,Other/unclassified,33.23153,54.65379,34.85305,23.78392,56.85858,34.87023,65.9373,23.37551,25.20737,63.31274,0,-11.283509999999993,-6.454159999999995,-1.6387,,2020
2020/21,Socioeconomic class,Self-employed and small employers,35.35841,65.98876,23.7101,21.27532,57.75434,34.87023,65.9373,23.37551,25.20737,63.31274,0,0.051460000000005834,-5.558399999999999,0.48817999999999984,,2020
2020/21,Socioeconomic class,Semi-routine and routine occupations,26.60023,58.23255,30.3071,27.29104,59.36032,34.87023,65.9373,23.37551,25.20737,63.31274,0,-7.70474999999999,-3.9524199999999965,-8.27,,2020
2020/21,Socioeconomic class,Students,30.22276,72.94691,17.78441,22.11748,52.68985,34.87023,65.9373,23.37551,25.20737,63.31274,0,7.009610000000009,-10.622889999999998,-4.647469999999998,,2020
2020/21,Working status,Inactive,43.68086,59.62551,30.32498,32.43955,65.87629,34.87023,65.9373,23.37551,25.20737,63.31274,1,-6.311789999999995,2.5635499999999993,8.810630000000003,,2020
2020/21,Working status,Unemployed,22.3115,56.30907,32.3402,34.55845,64.54847,34.87023,65.9373,23.37551,25.20737,63.31274,1,-9.628229999999995,1.2357299999999967,-12.55873,,2020
2020/21,Working status,Working,32.3867,69.82072,19.11457,24.35161,64.71893,34.87023,65.9373,23.37551,25.20737,63.31274,1,3.883420000000001,1.4061900000000023,-2.483530000000002,,2020
2021/22,Age,16-24 yrs,24.37026,,,,,32.48794,67.30976,22.26142,25.92851,63.80687,0,,,-8.117680000000004,,2021
2021/22,Age,18-24 yrs,,,,12.45103,36.93175,32.48794,67.30976,22.26142,25.92851,63.80687,0,,-26.875120000000003,,,2021
2021/22,Age,19-24 yrs,,73.03435,18.20989,,,32.48794,67.30976,22.26142,25.92851,63.80687,0,5.724590000000006,,,,2021
2021/22,Age,25-34 yrs,24.5774,68.99829,20.46331,22.71927,56.17067,32.48794,67.30976,22.26142,25.92851,63.80687,0,1.68853,-7.636200000000002,-7.910540000000001,,2021
2021/22,Age,35-44 yrs,27.06828,68.19542,20.59958,26.71471,64.29739,32.48794,67.30976,22.26142,25.92851,63.80687,1,0.8856600000000014,0.4905199999999894,-5.41966,,2021
2021/22,Age,45-54 yrs,31.52813,70.76835,18.85919,29.61431,69.57376,32.48794,67.30976,22.26142,25.92851,63.80687,1,3.458590000000001,5.766889999999989,-0.9598100000000009,,2021
2021/22,Age,55-64 yrs,35.94976,68.46506,21.38043,31.84551,72.75471,32.48794,67.30976,22.26142,25.92851,63.80687,1,1.1552999999999969,8.94784,3.461819999999996,,2021
2021/22,Age,65-74 yrs,44.08796,68.15744,21.83119,28.75653,70.80394,32.48794,67.30976,22.26142,25.92851,63.80687,1,0.8476799999999969,6.997069999999994,11.60002,,2021
2021/22,Age,75-84 yrs,45.65958,55.25537,33.36832,26.44818,71.3543,32.48794,67.30976,22.26142,25.92851,63.80687,1,-12.054389999999998,7.547429999999991,13.171639999999996,,2021
2021/22,Age,85+ yrs,35.01299,32.03692,56.84671,21.00381,65.25532,32.48794,67.30976,22.26142,25.92851,63.80687,1,-35.272839999999995,1.448449999999994,2.5250500000000002,,2021
2021/22,Deprivation,Fifth less deprived decile,34.20381,69.18818,20.21614,24.64977,62.62044,32.48794,67.30976,22.26142,25.92851,63.80687,0,1.8784200000000055,-1.1864300000000014,1.7158699999999953,6.0,2021
2021/22,Deprivation,Fifth more deprived decile,31.77701,67.44391,22.5735,26.40727,63.95178,32.48794,67.30976,22.26142,25.92851,63.80687,1,0.13415000000000532,0.14490999999999588,-0.7109300000000012,5.0,2021
2021/22,Deprivation,Fourth less deprived decile,35.12286,71.03692,18.73255,23.897,63.20885,32.48794,67.30976,22.26142,25.92851,63.80687,0,3.727159999999998,-0.5980200000000053,2.634920000000001,7.0,2021
2021/22,Deprivation,Fourth more deprived decile,31.24898,65.82989,23.79469,27.95271,64.69031,32.48794,67.30976,22.26142,25.92851,63.80687,1,-1.4798699999999911,0.8834399999999931,-1.2389600000000023,4.0,2021
2021/22,Deprivation,Least deprived decile,38.58353,74.65904,15.45888,19.86626,59.1065,32.48794,67.30976,22.26142,25.92851,63.80687,0,7.349280000000007,-4.700370000000007,6.095590000000001,10.0,2021
2021/22,Deprivation,Most deprived decile,21.64517,53.86402,35.1708,36.10914,70.70503,32.48794,67.30976,22.26142,25.92851,63.80687,1,-13.44574,6.89815999999999,-10.842770000000002,1.0,2021
2021/22,Deprivation,Second least deprived decile,36.89747,72.22053,17.58693,21.67994,61.7725,32.48794,67.30976,22.26142,25.92851,63.80687,0,4.910769999999999,-2.0343700000000027,4.409529999999997,9.0,2021
2021/22,Deprivation,Second most deprived decile,24.90697,59.47849,29.68105,33.83378,68.16797,32.48794,67.30976,22.26142,25.92851,63.80687,1,-7.831269999999996,4.361099999999993,-7.580970000000001,2.0,2021
2021/22,Deprivation,Third less deprived decile,35.54097,70.78212,18.66744,23.56996,62.82374,32.48794,67.30976,22.26142,25.92851,63.80687,0,3.472360000000009,-0.9831300000000027,3.0530299999999997,8.0,2021
2021/22,Deprivation,Third more deprived decile,28.08495,62.09747,26.91484,29.68824,65.38505,32.48794,67.30976,22.26142,25.92851,63.80687,1,-5.212289999999996,1.5781800000000032,-4.402990000000003,3.0,2021
2021/22,Disability,Disabled,30.80804,53.06883,35.35032,41.3968,72.22475,32.48794,67.30976,22.26142,25.92851,63.80687,1,-14.240929999999999,8.417879999999997,-1.6799000000000035,,2021
2021/22,Disability,Not disabled,33.20861,71.96834,17.93383,21.90103,61.70171,32.48794,67.30976,22.26142,25.92851,63.80687,0,4.658580000000001,-2.105160000000005,0.7206699999999984,,2021
2021/22,Education,Another type of qualification,31.77769,58.04509,30.84186,28.73453,67.69828,32.48794,67.30976,22.26142,25.92851,63.80687,1,-9.264669999999995,3.8914099999999934,-0.710250000000002,,2021
2021/22,Education,Level 1 and below,26.98744,52.77785,34.42022,33.65552,68.09279,32.48794,67.30976,22.26142,25.92851,63.80687,1,-14.531909999999996,4.28591999999999,-5.500500000000002,,2021
2021/22,Education,Level 2 and equivalent,28.6339,62.42703,26.39169,31.45451,68.28781,32.48794,67.30976,22.26142,25.92851,63.80687,1,-4.882729999999995,4.48093999999999,-3.8540400000000012,,2021
2021/22,Education,Level 3 and equivalent,28.21553,69.92327,19.66476,30.20636,67.29044,32.48794,67.30976,22.26142,25.92851,63.80687,1,2.613510000000005,3.4835700000000003,-4.272410000000001,,2021
2021/22,Education,Level 4 and above,36.82844,74.85641,15.15248,21.12786,60.0978,32.48794,67.30976,22.26142,25.92851,63.80687,0,7.54665,-3.709070000000004,4.340499999999999,,2021
2021/22,Education,No qualification,27.7804,42.62225,46.96343,34.92997,70.97615,32.48794,67.30976,22.26142,25.92851,63.80687,1,-24.687509999999996,7.1692800000000005,-4.707540000000002,,2021
2021/22,Ethnicity,Asian,20.70118,56.47588,31.18496,17.99388,57.58526,32.48794,67.30976,22.26142,25.92851,63.80687,0,-10.83388,-6.221610000000005,-11.786760000000001,,2021
2021/22,Ethnicity,Black,20.08989,56.31124,31.01758,33.65952,70.79426,32.48794,67.30976,22.26142,25.92851,63.80687,1,-10.99852,6.987389999999991,-12.398050000000001,,2021
2021/22,Ethnicity,Chinese,26.0853,62.58465,25.73966,7.57792,33.07993,32.48794,67.30976,22.26142,25.92851,63.80687,0,-4.725109999999994,-30.726940000000006,-6.402640000000002,,2021
2021/22,Ethnicity,Mixed,29.81081,72.35954,17.1985,24.77641,60.07473,32.48794,67.30976,22.26142,25.92851,63.80687,0,5.049779999999998,-3.732140000000001,-2.677130000000002,,2021
2021/22,Ethnicity,Other,31.23704,57.33176,30.71155,21.40432,59.39645,32.48794,67.30976,22.26142,25.92851,63.80687,0,-9.977999999999994,-4.410420000000002,-1.2509000000000015,,2021
2021/22,Ethnicity,White British,34.44828,69.27405,20.50597,27.313,65.19889,32.48794,67.30976,22.26142,25.92851,63.80687,1,1.9642900000000054,1.3920200000000023,1.960339999999995,,2021
2021/22,Ethnicity,White Other,31.41404,68.80128,21.38639,21.50452,59.09409,32.48794,67.30976,22.26142,25.92851,63.80687,0,1.4915200000000084,-4.712780000000002,-1.0739000000000019,,2021
2021/22,Sex,Female,35.66304,64.93343,23.69537,26.09338,58.42092,32.48794,67.30976,22.26142,25.92851,63.80687,0,-2.376329999999996,-5.385950000000001,3.1751000000000005,,2021
2021/22,Sex,Male,29.18154,69.92318,20.59101,25.7925,69.07716,32.48794,67.30976,22.26142,25.92851,63.80687,1,2.613420000000005,5.270290000000003,-3.3064000000000036,,2021
2021/22,Socioeconomic class,Intermediate occupations,29.88734,66.23787,21.05414,25.62217,55.847,32.48794,67.30976,22.26142,25.92851,63.80687,0,-1.0718899999999962,-7.959870000000002,-2.6006000000000036,,2021
2021/22,Socioeconomic class,Long term unemployed or never worked,20.35787,46.94882,42.29213,31.04184,56.73918,32.48794,67.30976,22.26142,25.92851,63.80687,0,-20.36094,-7.067690000000006,-12.130070000000003,,2021
2021/22,Socioeconomic class,Lower supervisory and technical occupations,28.13727,67.03706,22.79173,27.81936,63.22691,32.48794,67.30976,22.26142,25.92851,63.80687,0,-0.2727000000000004,-0.5799600000000069,-4.350670000000001,,2021
2021/22,Socioeconomic class,"Managerial, administrative and professional occupations",35.12273,76.24353,14.08083,20.75258,55.19497,32.48794,67.30976,22.26142,25.92851,63.80687,0,8.93377000000001,-8.611900000000006,2.6347899999999953,,2021
2021/22,Socioeconomic class,Other/unclassified,34.22571,56.8455,34.31152,24.22456,56.25937,32.48794,67.30976,22.26142,25.92851,63.80687,0,-10.464259999999996,-7.5475000000000065,1.7377699999999976,,2021
2021/22,Socioeconomic class,Self-employed and small employers,34.45083,68.18337,20.85049,21.67917,58.08217,32.48794,67.30976,22.26142,25.92851,63.80687,0,0.8736099999999993,-5.724700000000006,1.9628900000000016,,2021
2021/22,Socioeconomic class,Semi-routine and routine occupations,23.72404,59.41116,29.63957,29.0414,60.47298,32.48794,67.30976,22.26142,25.92851,63.80687,0,-7.898599999999995,-3.333890000000004,-8.763900000000003,,2021
2021/22,Socioeconomic class,Students,26.71943,77.27521,14.00782,26.06707,50.65863,32.48794,67.30976,22.26142,25.92851,63.80687,0,9.965450000000004,-13.148240000000001,-5.768510000000003,,2021
2021/22,Working status,Inactive,41.35364,59.83741,29.7032,34.16957,66.78117,32.48794,67.30976,22.26142,25.92851,63.80687,1,-7.472349999999999,2.9742999999999995,8.865699999999997,,2021
2021/22,Working status,Unemployed,20.10172,54.68289,34.97854,33.4791,65.77541,32.48794,67.30976,22.26142,25.92851,63.80687,1,-12.626869999999997,1.9685399999999902,-12.386220000000002,,2021
2021/22,Working status,Working,29.88724,71.52716,17.8901,25.40773,65.27435,32.48794,67.30976,22.26142,25.92851,63.80687,1,4.217399999999998,1.4674799999999948,-2.6007000000000033,,2021
2022/23,Age,16-24 yrs,23.5,,,,,31.0,67.14226,22.5966,26.23816,63.9507,0,,,-7.5,,2022
2022/23,Age,18-24 yrs,,,,11.67591,36.67176,31.0,67.14226,22.5966,26.23816,63.9507,0,,-27.27894,,,2022
2022/23,Age,19-24 yrs,,73.21812,17.69446,,,31.0,67.14226,22.5966,26.23816,63.9507,0,6.075860000000006,,,,2022
2022/23,Age,25-34 yrs,22.3,69.30033,20.36215,22.72167,56.8261,31.0,67.14226,22.5966,26.23816,63.9507,0,2.1580700000000093,-7.124600000000001,-8.7,,2022
2022/23,Age,35-44 yrs,24.7,67.4599,21.19898,27.37713,63.73091,31.0,67.14226,22.5966,26.23816,63.9507,0,0.31764000000001147,-0.21978999999999616,-6.300000000000001,,2022
2022/23,Age,45-54 yrs,30.2,70.26357,19.53121,30.64738,70.55013,31.0,67.14226,22.5966,26.23816,63.9507,1,3.1213100000000082,6.599429999999998,-0.8000000000000007,,2022
2022/23,Age,55-64 yrs,35.3,68.70588,21.68325,32.36448,72.84802,31.0,67.14226,22.5966,26.23816,63.9507,1,1.5636200000000002,8.897320000000008,4.299999999999997,,2022
2022/23,Age,65-74 yrs,42.3,67.56762,22.67913,29.01255,71.06149,31.0,67.14226,22.5966,26.23816,63.9507,1,0.42536000000001195,7.110790000000009,11.299999999999997,,2022
2022/23,Age,75-84 yrs,44.6,56.04035,33.16727,26.75869,70.71356,31.0,67.14226,22.5966,26.23816,63.9507,1,-11.101909999999997,6.762860000000003,13.600000000000001,,2022
2022/23,Age,85+ yrs,36.3,30.6953,57.26172,19.65001,64.90323,31.0,67.14226,22.5966,26.23816,63.9507,1,-36.44695999999999,0.9525299999999959,5.299999999999997,,2022
2022/23,Deprivation,Fifth less deprived decile,32.61999,69.49722,20.37031,25.6282,63.96835,31.0,67.14226,22.5966,26.23816,63.9507,1,2.3549600000000055,0.017650000000003274,1.6199900000000014,6.0,2022
2022/23,Deprivation,Fifth more deprived decile,31.41813,67.52204,22.22812,26.49051,63.79701,31.0,67.14226,22.5966,26.23816,63.9507,0,0.3797800000000109,-0.15368999999999744,0.41813000000000144,5.0,2022
2022/23,Deprivation,Fourth less deprived decile,34.35875,70.46636,19.34854,24.31831,62.62458,31.0,67.14226,22.5966,26.23816,63.9507,0,3.3241000000000014,-1.326119999999996,3.3587500000000006,7.0,2022
2022/23,Deprivation,Fourth more deprived decile,28.83977,64.79704,24.85732,28.24592,65.02321,31.0,67.14226,22.5966,26.23816,63.9507,1,-2.3452199999999976,1.0725100000000083,-2.1602299999999985,4.0,2022
2022/23,Deprivation,Least deprived decile,37.21737,74.01495,16.099,20.53087,59.55784,31.0,67.14226,22.5966,26.23816,63.9507,0,6.872690000000006,-4.392859999999999,6.2173700000000025,10.0,2022
2022/23,Deprivation,Most deprived decile,20.33243,53.85588,35.34939,35.86171,71.54076,31.0,67.14226,22.5966,26.23816,63.9507,1,-13.286379999999994,7.590060000000008,-10.667570000000001,1.0,2022
2022/23,Deprivation,Second least deprived decile,34.92279,72.65287,17.75356,22.47268,61.33033,31.0,67.14226,22.5966,26.23816,63.9507,0,5.51061,-2.620370000000001,3.922789999999999,9.0,2022
2022/23,Deprivation,Second most deprived decile,22.60225,58.62951,30.65613,33.12844,67.73091,31.0,67.14226,22.5966,26.23816,63.9507,1,-8.51274999999999,3.7802099999999967,-8.397749999999998,2.0,2022
2022/23,Deprivation,Third less deprived decile,34.07864,71.20392,18.72611,23.86202,61.96139,31.0,67.14226,22.5966,26.23816,63.9507,0,4.061660000000003,-1.9893099999999961,3.07864,8.0,2022
2022/23,Deprivation,Third more deprived decile,26.44288,61.73861,27.21781,30.6391,67.61279,31.0,67.14226,22.5966,26.23816,63.9507,1,-5.403649999999992,3.6620900000000063,-4.557120000000001,3.0,2022
2022/23,Disability,Disabled,29.06079,52.7299,35.80638,40.74762,72.21623,31.0,67.14226,22.5966,26.23816,63.9507,1,-14.412359999999993,8.265529999999998,-1.9392099999999992,,2022
2022/23,Disability,Not disabled,31.80709,72.06302,18.05028,22.25879,61.77839,31.0,67.14226,22.5966,26.23816,63.9507,0,4.920760000000001,-2.172309999999996,0.8070899999999988,,2022
2022/23,Education,Another type of qualification,30.44395,56.97547,32.28516,28.30208,63.67608,31.0,67.14226,22.5966,26.23816,63.9507,0,-10.166789999999992,-0.27461999999999875,-0.556049999999999,,2022
2022/23,Education,Level 1 and below,24.39006,52.03384,37.4407,32.59896,68.07166,31.0,67.14226,22.5966,26.23816,63.9507,1,-15.108419999999995,4.120959999999997,-6.609940000000002,,2022
2022/23,Education,Level 2 and equivalent,27.52474,61.27745,27.594,32.03355,68.78724,31.0,67.14226,22.5966,26.23816,63.9507,1,-5.864809999999991,4.836539999999999,-3.4752599999999987,,2022
2022/23,Education,Level 3 and equivalent,26.34452,68.96193,20.32421,30.23994,67.52382,31.0,67.14226,22.5966,26.23816,63.9507,1,1.8196700000000021,3.573120000000003,-4.655480000000001,,2022
2022/23,Education,Level 4 and above,35.27968,74.94598,15.32548,21.87338,60.51791,31.0,67.14226,22.5966,26.23816,63.9507,0,7.803720000000013,-3.432789999999997,4.279679999999999,,2022
2022/23,Education,No qualification,25.94806,42.76258,46.72743,35.639,70.21206,31.0,67.14226,22.5966,26.23816,63.9507,1,-24.379679999999993,6.261359999999996,-5.051939999999998,,2022
2022/23,Ethnicity,Asian,19.2,56.10656,31.99397,19.7127,59.04709,31.0,67.14226,22.5966,26.23816,63.9507,0,-11.035699999999991,-4.9036100000000005,-11.8,,2022
2022/23,Ethnicity,Black,21.04,55.18992,31.16383,34.77021,74.83447,31.0,67.14226,22.5966,26.23816,63.9507,1,-11.952339999999992,10.883769999999998,-9.96,,2022
2022/23,Ethnicity,Chinese,25.9,58.68305,26.34994,6.27234,30.6129,31.0,67.14226,22.5966,26.23816,63.9507,0,-8.459209999999992,-33.3378,-5.100000000000001,,2022
2022/23,Ethnicity,Mixed,27.9,71.9065,18.99929,21.77388,61.22788,31.0,67.14226,22.5966,26.23816,63.9507,0,4.764240000000001,-2.7228199999999987,-3.1000000000000014,,2022
2022/23,Ethnicity,Other,27.1,58.38636,31.50359,22.84803,60.14636,31.0,67.14226,22.5966,26.23816,63.9507,0,-8.75589999999999,-3.8043399999999963,-3.8999999999999986,,2022
2022/23,Ethnicity,White British,32.9,69.26932,20.78504,27.5657,65.2604,31.0,67.14226,22.5966,26.23816,63.9507,1,2.12706,1.3097000000000065,1.8999999999999986,,2022
2022/23,Ethnicity,White Other,30.3,68.59143,21.19154,22.23641,58.31997,31.0,67.14226,22.5966,26.23816,63.9507,0,1.4491700000000094,-5.63073,-0.6999999999999993,,2022
2022/23,Sex,Female,34.15169,64.87131,23.99282,26.17054,58.56626,31.0,67.14226,22.5966,26.23816,63.9507,0,-2.270949999999999,-5.384439999999998,3.151690000000002,,2022
2022/23,Sex,Male,27.63134,69.63685,21.00345,26.35076,69.2196,31.0,67.14226,22.5966,26.23816,63.9507,1,2.4945900000000023,5.268900000000002,-3.3686599999999984,,2022
2022/23,Socioeconomic class,Intermediate occupations,28.83637,66.03722,21.2769,25.64761,55.88197,31.0,67.14226,22.5966,26.23816,63.9507,0,-1.1050399999999883,-8.068729999999995,-2.1636300000000013,,2022
2022/23,Socioeconomic class,Long term unemployed or never worked,19.58086,47.01333,43.80286,31.15816,57.65402,31.0,67.14226,22.5966,26.23816,63.9507,0,-20.12892999999999,-6.296679999999995,-11.419139999999999,,2022
2022/23,Socioeconomic class,Lower supervisory and technical occupations,24.83086,65.53842,24.76523,27.93841,63.47852,31.0,67.14226,22.5966,26.23816,63.9507,0,-1.603839999999991,-0.4721799999999945,-6.169139999999999,,2022
2022/23,Socioeconomic class,"Managerial, administrative and professional occupations",33.46258,75.9879,14.37914,21.24032,55.18396,31.0,67.14226,22.5966,26.23816,63.9507,0,8.845640000000003,-8.766739999999999,2.4625800000000027,,2022
2022/23,Socioeconomic class,Other/unclassified,30.06983,56.84266,33.53114,27.21382,58.43681,31.0,67.14226,22.5966,26.23816,63.9507,0,-10.299599999999991,-5.513889999999996,-0.9301700000000004,,2022
2022/23,Socioeconomic class,Self-employed and small employers,32.01593,68.33093,21.49414,23.29996,58.81778,31.0,67.14226,22.5966,26.23816,63.9507,0,1.188670000000002,-5.132919999999999,1.0159299999999973,,2022
2022/23,Socioeconomic class,Semi-routine and routine occupations,22.99597,58.49399,30.68563,28.24768,60.81645,31.0,67.14226,22.5966,26.23816,63.9507,0,-8.648269999999997,-3.1342499999999944,-8.00403,,2022
2022/23,Socioeconomic class,Students,25.3081,76.9809,13.63159,19.86781,59.10817,31.0,67.14226,22.5966,26.23816,63.9507,0,9.838640000000012,-4.8425299999999964,-5.6919,,2022
2022/23,Working status,Inactive,39.78099,59.39876,30.38053,32.82167,65.95742,31.0,67.14226,22.5966,26.23816,63.9507,1,-7.74349999999999,2.0067200000000014,8.780990000000003,,2022
2022/23,Working status,Unemployed,20.19987,54.71386,35.97991,30.61685,64.57608,31.0,67.14226,22.5966,26.23816,63.9507,1,-12.428399999999996,0.6253800000000069,-10.80013,,2022
2022/23,Working status,Working,28.40534,71.42384,18.10132,25.62749,64.52512,31.0,67.14226,22.5966,26.23816,63.9507,1,4.281580000000005,0.5744200000000035,-2.594660000000001,,2022
2023/24,Age,16-24 yrs,24.25082,,,,,31.29734,67.38448,21.99799,26.50162,64.46064,0,,,-7.0465199999999975,,2023
2023/24,Age,18-24 yrs,,,,12.17111,36.74693,31.29734,67.38448,21.99799,26.50162,64.46064,0,,-27.71371,,,2023
2023/24,Age,19-24 yrs,,72.63779,18.00104,,,31.29734,67.38448,21.99799,26.50162,64.46064,0,5.253309999999999,,,,2023
2023/24,Age,25-34 yrs,22.6722,69.26215,20.13787,23.70798,58.27958,31.29734,67.38448,21.99799,26.50162,64.46064,0,1.877670000000009,-6.181059999999995,-8.625139999999998,,2023
2023/24,Age,35-44 yrs,25.16978,67.6338,21.0022,27.66296,64.98615,31.29734,67.38448,21.99799,26.50162,64.46064,1,0.24931999999999732,0.525509999999997,-6.127559999999999,,2023
2023/24,Age,45-54 yrs,30.13101,69.41715,20.52247,30.10316,69.8766,31.29734,67.38448,21.99799,26.50162,64.46064,1,2.03267000000001,5.415959999999998,-1.1663299999999985,,2023
2023/24,Age,55-64 yrs,35.84066,68.74979,20.80389,32.47713,73.47764,31.29734,67.38448,21.99799,26.50162,64.46064,1,1.365310000000008,9.016999999999996,4.543320000000001,,2023
2023/24,Age,65-74 yrs,43.32969,69.31975,20.6239,29.65593,71.7134,31.29734,67.38448,21.99799,26.50162,64.46064,1,1.9352700000000027,7.252759999999995,12.032350000000001,,2023
2023/24,Age,75-84 yrs,44.18452,56.23049,31.6463,25.84383,70.74418,31.29734,67.38448,21.99799,26.50162,64.46064,1,-11.153989999999993,6.283540000000002,12.88718,,2023
2023/24,Age,85+ yrs,35.94201,32.4166,54.44474,20.69716,64.07783,31.29734,67.38448,21.99799,26.50162,64.46064,0,-34.967879999999994,-0.3828099999999921,4.644670000000005,,2023
2023/24,Deprivation,Fifth less deprived decile,32.41688,69.60687,20.15875,25.62715,63.38445,31.29734,67.38448,21.99799,26.50162,64.46064,0,2.2223900000000043,-1.0761899999999969,1.1195400000000006,6.0,2023
2023/24,Deprivation,Fifth more deprived decile,32.15283,67.38908,22.18188,27.19203,65.76672,31.29734,67.38448,21.99799,26.50162,64.46064,1,0.004600000000010596,1.3060800000000086,0.8554900000000032,5.0,2023
2023/24,Deprivation,Fourth less deprived decile,34.60313,70.30841,18.56448,25.08371,63.58247,31.29734,67.38448,21.99799,26.50162,64.46064,0,2.9239299999999986,-0.8781699999999972,3.305790000000002,7.0,2023
2023/24,Deprivation,Fourth more deprived decile,29.19576,66.56843,23.18527,28.22779,65.15429,31.29734,67.38448,21.99799,26.50162,64.46064,1,-0.81604999999999,0.6936500000000052,-2.1015799999999984,4.0,2023
2023/24,Deprivation,Least deprived decile,38.62602,75.10638,15.12243,19.84349,59.43254,31.29734,67.38448,21.99799,26.50162,64.46064,0,7.721900000000005,-5.028099999999995,7.3286799999999985,10.0,2023
2023/24,Deprivation,Most deprived decile,20.01166,53.76139,35.25158,37.43512,71.18735,31.29734,67.38448,21.99799,26.50162,64.46064,1,-13.623089999999998,6.726709999999997,-11.28568,1.0,2023
2023/24,Deprivation,Second least deprived decile,35.79564,71.97589,17.39925,22.76191,62.15144,31.29734,67.38448,21.99799,26.50162,64.46064,0,4.59141000000001,-2.309199999999997,4.4983,9.0,2023
2023/24,Deprivation,Second most deprived decile,22.90364,59.12529,29.86322,33.75074,68.86288,31.29734,67.38448,21.99799,26.50162,64.46064,1,-8.259189999999997,4.402240000000006,-8.393699999999999,2.0,2023
2023/24,Deprivation,Third less deprived decile,35.1779,71.24509,18.09001,24.05863,63.24893,31.29734,67.38448,21.99799,26.50162,64.46064,0,3.8606100000000083,-1.2117099999999965,3.8805600000000027,8.0,2023
2023/24,Deprivation,Third more deprived decile,25.27601,62.06378,26.57221,29.41546,66.27988,31.29734,67.38448,21.99799,26.50162,64.46064,1,-5.320699999999995,1.8192400000000077,-6.021329999999999,3.0,2023
2023/24,Disability,Disabled,28.93896,53.64001,34.25854,40.62438,72.45897,31.29734,67.38448,21.99799,26.50162,64.46064,1,-13.74447,7.998329999999996,-2.358379999999997,,2023
2023/24,Disability,Not disabled,32.23867,72.19866,17.67288,22.34668,62.17352,31.29734,67.38448,21.99799,26.50162,64.46064,0,4.8141800000000075,-2.2871199999999945,0.9413300000000007,,2023
2023/24,Education,Another type of qualification,30.15051,56.89229,32.07978,29.3296,67.19298,31.29734,67.38448,21.99799,26.50162,64.46064,1,-10.492189999999994,2.7323400000000078,-1.1468299999999978,,2023
2023/24,Education,Level 1 and below,23.81557,52.68923,35.25898,34.61514,68.87844,31.29734,67.38448,21.99799,26.50162,64.46064,1,-14.695249999999994,4.4178,-7.481769999999997,,2023
2023/24,Education,Level 2 and equivalent,27.18803,60.47328,28.03153,32.01097,68.91815,31.29734,67.38448,21.99799,26.50162,64.46064,1,-6.911199999999994,4.457509999999999,-4.109309999999997,,2023
2023/24,Education,Level 3 and equivalent,26.61297,69.32642,19.675,30.80328,68.28834,31.29734,67.38448,21.99799,26.50162,64.46064,1,1.9419400000000024,3.827700000000007,-4.684369999999998,,2023
2023/24,Education,Level 4 and above,36.082,75.18033,14.84235,21.86669,60.93301,31.29734,67.38448,21.99799,26.50162,64.46064,0,7.7958500000000015,-3.527629999999995,4.784660000000002,,2023
2023/24,Education,No qualification,24.87209,41.75141,47.14211,35.89053,69.37413,31.29734,67.38448,21.99799,26.50162,64.46064,1,-25.633069999999996,4.913489999999996,-6.425249999999998,,2023
2023/24,Ethnicity,Asian,18.35049,55.94254,32.1453,20.64658,60.48779,31.29734,67.38448,21.99799,26.50162,64.46064,0,-11.441939999999995,-3.972850000000001,-12.946849999999998,,2023
2023/24,Ethnicity,Black,18.50667,56.79648,29.87171,33.10232,73.35435,31.29734,67.38448,21.99799,26.50162,64.46064,1,-10.587999999999994,8.893709999999999,-12.790669999999999,,2023
2023/24,Ethnicity,Chinese,21.84022,61.30395,23.80619,5.61209,32.30265,31.29734,67.38448,21.99799,26.50162,64.46064,0,-6.080529999999996,-32.15799,-9.45712,,2023
2023/24,Ethnicity,Mixed,27.41569,71.21598,18.13156,22.98792,58.40413,31.29734,67.38448,21.99799,26.50162,64.46064,0,3.8315000000000055,-6.056509999999996,-3.881649999999997,,2023
2023/24,Ethnicity,Other,26.35259,61.91327,28.19996,22.30069,60.33636,31.29734,67.38448,21.99799,26.50162,64.46064,0,-5.471209999999999,-4.124279999999999,-4.944749999999999,,2023
2023/24,Ethnicity,White British,33.83007,69.54665,20.08572,27.83829,65.65282,31.29734,67.38448,21.99799,26.50162,64.46064,1,2.1621700000000033,1.1921800000000076,2.532730000000001,,2023
2023/24,Ethnicity,White Other,30.00016,68.90317,20.81778,22.24075,60.16187,31.29734,67.38448,21.99799,26.50162,64.46064,0,1.5186900000000065,-4.2987699999999975,-1.2971799999999973,,2023
2023/24,Sex,Female,34.7654,64.93397,23.20899,26.88272,59.20586,31.29734,67.38448,21.99799,26.50162,64.46064,0,-2.450509999999994,-5.254779999999997,3.4680600000000013,,2023
2023/24,Sex,Male,27.63841,70.09322,20.54937,26.21001,69.65167,31.29734,67.38448,21.99799,26.50162,64.46064,1,2.708740000000006,5.191029999999998,-3.658929999999998,,2023
2023/24,Socioeconomic class,Intermediate occupations,29.17601783,66.09465717,20.8835376,26.42743909,57.23935498,31.29734,67.38448,21.99799,26.50162,64.46064,0,-1.2898228299999914,-7.221285019999996,-2.121322169999999,,2023
2023/24,Socioeconomic class,Long term unemployed or never worked,18.4082177,45.04026888,43.60912358,31.30630546,58.17331134,31.29734,67.38448,21.99799,26.50162,64.46064,0,-22.344211119999997,-6.28732866,-12.889122299999997,,2023
2023/24,Socioeconomic class,Lower supervisory and technical occupations,25.09557954,66.93616293,23.44561372,27.81805008,63.51839355,31.29734,67.38448,21.99799,26.50162,64.46064,0,-0.44831707000000165,-0.942246449999999,-6.201760459999999,,2023
2023/24,Socioeconomic class,"Managerial, administrative and professional occupations",34.56437559,75.9030799,14.27280725,21.78361432,56.25019194,31.29734,67.38448,21.99799,26.50162,64.46064,0,8.518599899999998,-8.210448059999997,3.267035589999999,,2023
2023/24,Socioeconomic class,Other/unclassified,31.6505824,57.85539172,31.88028754,25.50284755,57.98443716,31.29734,67.38448,21.99799,26.50162,64.46064,0,-9.529088279999996,-6.476202839999999,0.35324240000000273,,2023
2023/24,Socioeconomic class,Self-employed and small employers,32.98416546,68.86348232,21.3295921,22.33111338,56.92539073,31.29734,67.38448,21.99799,26.50162,64.46064,0,1.4790023200000064,-7.535249270000001,1.6868254600000014,,2023
2023/24,Socioeconomic class,Semi-routine and routine occupations,21.48213653,58.12735012,30.72896024,28.96437027,60.5024855,31.29734,67.38448,21.99799,26.50162,64.46064,0,-9.257129879999994,-3.958154499999999,-9.81520347,,2023
2023/24,Socioeconomic class,Students,25.83902386,77.69401698,13.03412561,20.76461916,47.20711219,31.29734,67.38448,21.99799,26.50162,64.46064,0,10.309536980000004,-17.25352781,-5.458316139999997,,2023
2023/24,Working status,Inactive,39.9653,60.5047,28.76143,33.78106,67.4846,31.29734,67.38448,21.99799,26.50162,64.46064,1,-6.879779999999997,3.0239600000000024,8.66796,,2023
2023/24,Working status,Unemployed,18.14928,52.58518,35.98993,35.03705,65.78576,31.29734,67.38448,21.99799,26.50162,64.46064,1,-14.799299999999995,1.3251199999999983,-13.148059999999997,,2023
2023/24,Working status,Working,29.09132,71.51586,17.86443,26.33733,65.2929,31.29734,67.38448,21.99799,26.50162,64.46064,1,4.131380000000007,0.8322600000000051,-2.2060199999999988,,2023
2024/25,Age,16-24 yrs,25.19696,,,,,31.41564,67.99134,21.81841,26.64292,64.64231,0,,,-6.218679999999999,,2024
2024/25,Age,18-24 yrs,,,,12.85134,38.58287,31.41564,67.99134,21.81841,26.64292,64.64231,0,,-26.059439999999995,,,2024
2024/25,Age,19-24 yrs,,74.80143,17.54778,,,31.41564,67.99134,21.81841,26.64292,64.64231,0,6.810090000000002,,,,2024
2024/25,Age,25-34 yrs,22.9538,69.25192,20.65934,23.76608,57.4595,31.41564,67.99134,21.81841,26.64292,64.64231,0,1.2605800000000045,-7.182809999999996,-8.461839999999999,,2024
2024/25,Age,35-44 yrs,24.49897,67.35498,21.58362,26.88478,65.25347,31.41564,67.99134,21.81841,26.64292,64.64231,1,-0.6363599999999963,0.6111599999999981,-6.91667,,2024
2024/25,Age,45-54 yrs,30.14302,70.53523,19.55636,29.50765,69.44847,31.41564,67.99134,21.81841,26.64292,64.64231,1,2.5438900000000046,4.8061600000000055,-1.2726199999999999,,2024
2024/25,Age,55-64 yrs,35.7364,69.58733,20.46956,32.97652,73.67867,31.41564,67.99134,21.81841,26.64292,64.64231,1,1.5959900000000005,9.036360000000002,4.3207600000000035,,2024
2024/25,Age,65-74 yrs,43.1511,69.5561,20.6263,30.49449,72.09319,31.41564,67.99134,21.81841,26.64292,64.64231,1,1.5647600000000068,7.450880000000012,11.73546,,2024
2024/25,Age,75-84 yrs,44.64842,56.96224,31.00694,27.44992,71.3048,31.41564,67.99134,21.81841,26.64292,64.64231,1,-11.029099999999993,6.662490000000005,13.232780000000002,,2024
2024/25,Age,85+ yrs,36.77564,35.38198,51.47252,20.98122,64.98953,31.41564,67.99134,21.81841,26.64292,64.64231,1,-32.609359999999995,0.3472200000000072,5.360000000000003,,2024
2024/25,Deprivation,Fifth less deprived decile,33.7753,69.98256,19.97005,25.70886,63.14735,31.41564,67.99134,21.81841,26.64292,64.64231,0,1.9912200000000126,-1.4949599999999919,2.3596600000000016,6.0,2024
2024/25,Deprivation,Fifth more deprived decile,31.631,68.23255,21.28132,27.61134,65.16487,31.41564,67.99134,21.81841,26.64292,64.64231,1,0.24121000000000947,0.5225599999999986,0.21536000000000044,5.0,2024
2024/25,Deprivation,Fourth less deprived decile,33.54771,71.55124,18.91423,24.02066,63.22434,31.41564,67.99134,21.81841,26.64292,64.64231,0,3.559900000000013,-1.4179699999999968,2.1320700000000024,7.0,2024
2024/25,Deprivation,Fourth more deprived decile,29.68962,65.65528,23.70656,28.74044,66.53771,31.41564,67.99134,21.81841,26.64292,64.64231,1,-2.336059999999989,1.8954000000000093,-1.7260199999999983,4.0,2024
2024/25,Deprivation,Least deprived decile,38.40178,75.15775,15.03986,19.98071,60.56532,31.41564,67.99134,21.81841,26.64292,64.64231,0,7.166409999999999,-4.076989999999995,6.9861400000000025,10.0,2024
2024/25,Deprivation,Most deprived decile,19.77432,53.25237,35.89579,37.55219,71.02874,31.41564,67.99134,21.81841,26.64292,64.64231,1,-14.738969999999995,6.386430000000004,-11.64132,1.0,2024
2024/25,Deprivation,Second least deprived decile,35.98501,73.1567,16.54873,22.73181,61.96007,31.41564,67.99134,21.81841,26.64292,64.64231,0,5.165360000000007,-2.682239999999993,4.569370000000003,9.0,2024
2024/25,Deprivation,Second most deprived decile,22.1455,59.82512,29.94807,33.84162,69.55067,31.41564,67.99134,21.81841,26.64292,64.64231,1,-8.166219999999996,4.908360000000002,-9.270140000000001,2.0,2024
2024/25,Deprivation,Third less deprived decile,35.38603,72.06902,18.13604,24.77353,63.10617,31.41564,67.99134,21.81841,26.64292,64.64231,0,4.077680000000001,-1.536139999999996,3.9703899999999983,8.0,2024
2024/25,Deprivation,Third more deprived decile,26.37088,63.7566,25.70922,29.70711,66.96291,31.41564,67.99134,21.81841,26.64292,64.64231,1,-4.234739999999995,2.320599999999999,-5.04476,3.0,2024
2024/25,Disability,Disabled,28.95346,54.13861,34.24708,41.24397,73.20863,31.41564,67.99134,21.81841,26.64292,64.64231,1,-13.852729999999994,8.566320000000005,-2.46218,,2024
2024/25,Disability,Not disabled,32.46814,72.87047,17.36877,22.37552,62.29711,31.41564,67.99134,21.81841,26.64292,64.64231,0,4.8791300000000035,-2.3451999999999913,1.0524999999999984,,2024
2024/25,Education,Another type of qualification,30.49166,57.24743,31.87736,29.1691,68.20531,31.41564,67.99134,21.81841,26.64292,64.64231,1,-10.743909999999993,3.5630000000000024,-0.9239800000000002,,2024
2024/25,Education,Level 1 and below,25.01477,51.80391,35.96148,36.39138,71.10536,31.41564,67.99134,21.81841,26.64292,64.64231,1,-16.187429999999992,6.46305000000001,-6.400870000000001,,2024
2024/25,Education,Level 2 and equivalent,27.27809,60.88866,27.74185,33.20424,68.86142,31.41564,67.99134,21.81841,26.64292,64.64231,1,-7.102679999999992,4.219110000000001,-4.137550000000001,,2024
2024/25,Education,Level 3 and equivalent,26.89136,69.88161,19.70847,30.68236,68.96123,31.41564,67.99134,21.81841,26.64292,64.64231,1,1.890270000000001,4.318920000000006,-4.524280000000001,,2024
2024/25,Education,Level 4 and above,36.03897,75.40192,15.02473,22.06161,60.99123,31.41564,67.99134,21.81841,26.64292,64.64231,0,7.41058000000001,-3.651079999999993,4.623329999999999,,2024
2024/25,Education,No qualification,23.954,42.6733,46.93897,38.15249,73.48634,31.41564,67.99134,21.81841,26.64292,64.64231,1,-25.318039999999996,8.844030000000004,-7.461639999999999,,2024
2024/25,Ethnicity,Asian,19.37121,57.13526,31.45798,18.77201,59.40308,31.41564,67.99134,21.81841,26.64292,64.64231,0,-10.856079999999992,-5.239229999999992,-12.044429999999998,,2024
2024/25,Ethnicity,Black,18.35684,57.6589,28.60565,36.34494,75.25615,31.41564,67.99134,21.81841,26.64292,64.64231,1,-10.332439999999991,10.61384000000001,-13.058800000000002,,2024
2024/25,Ethnicity,Chinese,22.05843,63.28456,24.87368,8.31748,38.88608,31.41564,67.99134,21.81841,26.64292,64.64231,0,-4.706779999999995,-25.756229999999995,-9.357209999999998,,2024
2024/25,Ethnicity,Mixed,30.79821,70.0788,19.702,24.58562,60.90096,31.41564,67.99134,21.81841,26.64292,64.64231,0,2.087460000000007,-3.741349999999997,-0.6174299999999988,,2024
2024/25,Ethnicity,Other,26.70223,58.56112,31.58426,26.11278,62.32932,31.41564,67.99134,21.81841,26.64292,64.64231,0,-9.430219999999991,-2.312989999999992,-4.71341,,2024
2024/25,Ethnicity,White British,33.92562,70.25333,19.76671,28.08573,65.89281,31.41564,67.99134,21.81841,26.64292,64.64231,1,2.2619900000000115,1.2505000000000024,2.5099800000000023,,2024
2024/25,Ethnicity,White Other,31.0134,70.84878,20.19933,22.97634,59.65445,31.41564,67.99134,21.81841,26.64292,64.64231,0,2.857440000000011,-4.987859999999998,-0.40223999999999904,,2024
2024/25,Sex,Female,34.94078,65.66418,23.13002,26.98744,59.4141,31.41564,67.99134,21.81841,26.64292,64.64231,0,-2.327159999999992,-5.228209999999997,3.525139999999997,,2024
2024/25,Sex,Male,27.73073,70.68451,20.22018,26.34455,69.87269,31.41564,67.99134,21.81841,26.64292,64.64231,1,2.693170000000009,5.230380000000011,-3.6849099999999986,,2024
2024/25,Socioeconomic class,Intermediate occupations,27.89418,66.26661,21.5543,26.87874,57.2351,31.41564,67.99134,21.81841,26.64292,64.64231,0,-1.7247299999999939,-7.407209999999992,-3.521460000000001,,2024
2024/25,Socioeconomic class,Long term unemployed or never worked,18.47749,47.63622,40.80902,33.61381,61.7076,31.41564,67.99134,21.81841,26.64292,64.64231,0,-20.355119999999992,-2.9347099999999955,-12.93815,,2024
2024/25,Socioeconomic class,Lower supervisory and technical occupations,25.5503,66.70685,23.62003,27.94221,63.5282,31.41564,67.99134,21.81841,26.64292,64.64231,0,-1.284489999999991,-1.1141099999999966,-5.86534,,2024
2024/25,Socioeconomic class,"Managerial, administrative and professional occupations",34.66298,76.22116,14.32713,21.61947,55.8111,31.41564,67.99134,21.81841,26.64292,64.64231,0,8.229820000000004,-8.831209999999992,3.2473399999999977,,2024
2024/25,Socioeconomic class,Other/unclassified,28.5936,56.4353,33.72701,24.57351,56.86993,31.41564,67.99134,21.81841,26.64292,64.64231,0,-11.556039999999996,-7.772379999999998,-2.822040000000001,,2024
2024/25,Socioeconomic class,Self-employed and small employers,33.40502,69.78052,20.95507,23.22771,58.1452,31.41564,67.99134,21.81841,26.64292,64.64231,0,1.7891800000000018,-6.497109999999992,1.9893800000000006,,2024
2024/25,Socioeconomic class,Semi-routine and routine occupations,22.35398,59.44625,29.64316,29.67157,61.10907,31.41564,67.99134,21.81841,26.64292,64.64231,0,-8.545089999999995,-3.533239999999992,-9.06166,,2024
2024/25,Socioeconomic class,Students,26.89277,79.31635,13.54965,27.37652,49.9094,31.41564,67.99134,21.81841,26.64292,64.64231,0,11.325010000000006,-14.732909999999997,-4.522870000000001,,2024
2024/25,Working status,Inactive,40.24936,60.91369,28.39356,34.4079,67.76348,31.41564,67.99134,21.81841,26.64292,64.64231,1,-7.077649999999991,3.1211700000000064,8.833720000000003,,2024
2024/25,Working status,Unemployed,19.72952,56.41612,33.23913,33.59011,65.08559,31.41564,67.99134,21.81841,26.64292,64.64231,1,-11.575219999999995,0.44328000000000145,-11.686119999999999,,2024
2024/25,Working status,Working,29.02032,72.09758,17.749,26.17346,65.43006,31.41564,67.99134,21.81841,26.64292,64.64231,1,4.10624,0.7877500000000026,-2.395319999999998,,2024
